timestamp,ext_temp_c,pump_load_pct,pump_vib_rms_g,pump_current_a,pump_temp_c,status,anomaly_label
2025-08-01 00:00:00+03:00,32.15,36.9,0.599,6.711,38.48,normal,0
2025-08-01 00:01:00+03:00,31.96,37.3,0.606,6.722,38.52,normal,0
2025-08-01 00:02:00+03:00,32.19,36.1,0.678,6.849,38.05,normal,0
2025-08-01 00:03:00+03:00,32.46,34.2,0.725,6.39,37.98,normal,0
2025-08-01 00:04:00+03:00,31.93,35.8,0.57,6.534,38.19,normal,0
2025-08-01 00:05:00+03:00,31.93,33.7,0.676,6.677,37.84,normal,0
2025-08-01 00:06:00+03:00,32.47,35.8,0.681,6.559,38.94,normal,0
2025-08-01 00:07:00+03:00,32.23,37.1,0.781,6.861,38.54,normal,0
2025-08-01 00:08:00+03:00,31.86,37.5,0.693,7.005,38.32,normal,0
2025-08-01 00:09:00+03:00,32.16,35.7,0.726,6.582,37.72,normal,0
2025-08-01 00:10:00+03:00,31.86,35.6,0.714,6.738,38.82,normal,0
2025-08-01 00:11:00+03:00,31.86,38.4,0.609,6.631,38.25,normal,0
2025-08-01 00:12:00+03:00,32.07,35.8,0.746,6.761,38.57,normal,0
2025-08-01 00:13:00+03:00,31.43,40.2,0.731,6.942,37.71,normal,0
2025-08-01 00:14:00+03:00,31.48,36.1,0.734,6.737,37.85,normal,0
2025-08-01 00:15:00+03:00,31.83,31.5,0.891,6.293,37.14,normal,0
2025-08-01 00:16:00+03:00,31.7,36.5,0.605,6.441,38.17,normal,0
2025-08-01 00:17:00+03:00,32.09,36.1,0.795,6.741,38.2,normal,0
2025-08-01 00:18:00+03:00,31.73,37.6,0.698,6.446,38.13,normal,0
2025-08-01 00:19:00+03:00,31.58,36.3,0.723,6.63,38.13,normal,0
2025-08-01 00:20:00+03:00,32.44,36.4,0.707,6.825,38.22,normal,0
2025-08-01 00:21:00+03:00,31.93,32.6,0.677,6.485,37.59,normal,0
2025-08-01 00:22:00+03:00,32.02,34.7,0.676,6.874,38.33,normal,0
2025-08-01 00:23:00+03:00,31.57,33.3,0.716,6.652,38.41,normal,0
2025-08-01 00:24:00+03:00,31.84,33.8,0.626,6.43,37.83,normal,0
2025-08-01 00:25:00+03:00,32.03,36.3,0.746,6.682,38.53,normal,0
2025-08-01 00:26:00+03:00,31.65,38.3,0.694,6.791,38.05,normal,0
2025-08-01 00:27:00+03:00,32.11,36.2,0.652,6.435,39.14,normal,0
2025-08-01 00:28:00+03:00,31.82,32.6,0.675,6.315,37.06,normal,0
2025-08-01 00:29:00+03:00,31.91,35.9,0.771,6.57,38.18,normal,0
2025-08-01 00:30:00+03:00,31.82,37.4,0.685,6.439,37.54,normal,0
2025-08-01 00:31:00+03:00,32.56,35.9,0.726,6.661,37.79,normal,0
2025-08-01 00:32:00+03:00,32.0,34.7,0.668,6.545,38.24,normal,0
2025-08-01 00:33:00+03:00,31.68,35.0,0.743,6.349,37.89,normal,0
2025-08-01 00:34:00+03:00,32.25,34.4,0.737,6.625,38.23,normal,0
2025-08-01 00:35:00+03:00,31.63,36.3,0.801,6.785,37.85,normal,0
2025-08-01 00:36:00+03:00,32.06,35.0,0.696,6.634,39.45,normal,0
2025-08-01 00:37:00+03:00,31.41,35.8,0.741,6.599,37.53,normal,0
2025-08-01 00:38:00+03:00,31.6,33.2,0.705,6.581,37.79,normal,0
2025-08-01 00:39:00+03:00,32.06,34.4,0.768,6.666,37.9,normal,0
2025-08-01 00:40:00+03:00,32.22,37.3,0.676,6.784,38.7,normal,0
2025-08-01 00:41:00+03:00,32.05,34.4,0.74,6.44,38.05,normal,0
2025-08-01 00:42:00+03:00,31.97,38.5,0.706,6.851,38.27,normal,0
2025-08-01 00:43:00+03:00,31.91,34.2,0.699,6.731,38.72,normal,0
2025-08-01 00:44:00+03:00,31.56,35.4,0.711,6.535,38.22,normal,0
2025-08-01 00:45:00+03:00,31.78,36.9,0.723,7.029,38.16,normal,0
2025-08-01 00:46:00+03:00,31.86,32.2,0.691,6.353,36.84,normal,0
2025-08-01 00:47:00+03:00,32.32,32.7,0.709,6.467,38.12,normal,0
2025-08-01 00:48:00+03:00,32.1,32.3,0.776,6.337,39.09,normal,0
2025-08-01 00:49:00+03:00,31.47,37.5,0.762,6.783,37.75,normal,0
2025-08-01 00:50:00+03:00,32.1,34.3,0.746,6.297,38.63,normal,0
2025-08-01 00:51:00+03:00,31.88,40.1,0.698,6.824,39.07,normal,0
2025-08-01 00:52:00+03:00,31.8,33.9,0.657,6.37,37.94,normal,0
2025-08-01 00:53:00+03:00,32.18,36.1,0.756,6.686,38.09,normal,0
2025-08-01 00:54:00+03:00,32.31,39.3,0.762,7.007,37.87,normal,0
2025-08-01 00:55:00+03:00,32.28,40.1,0.794,7.003,39.16,normal,0
2025-08-01 00:56:00+03:00,31.75,39.1,0.687,6.49,37.94,normal,0
2025-08-01 00:57:00+03:00,31.91,37.4,0.701,7.05,38.35,normal,0
2025-08-01 00:58:00+03:00,32.1,37.4,0.63,6.788,37.97,normal,0
2025-08-01 00:59:00+03:00,32.29,37.3,0.692,6.622,38.54,normal,0
2025-08-01 01:00:00+03:00,31.86,36.6,0.76,6.72,38.17,normal,0
2025-08-01 01:01:00+03:00,31.94,33.9,0.678,6.56,38.1,normal,0
2025-08-01 01:02:00+03:00,31.67,33.4,0.732,6.404,37.23,normal,0
2025-08-01 01:03:00+03:00,31.64,35.0,0.695,6.63,38.27,normal,0
2025-08-01 01:04:00+03:00,32.24,35.6,0.723,6.545,38.21,normal,0
2025-08-01 01:05:00+03:00,32.41,35.7,0.65,6.581,37.95,normal,0
2025-08-01 01:06:00+03:00,31.98,36.4,0.713,6.581,38.21,normal,0
2025-08-01 01:07:00+03:00,32.3,38.1,0.565,6.571,38.74,normal,0
2025-08-01 01:08:00+03:00,32.11,35.6,0.697,6.658,38.38,normal,0
2025-08-01 01:09:00+03:00,31.81,38.0,0.632,6.868,38.77,normal,0
2025-08-01 01:10:00+03:00,32.11,33.1,0.76,6.563,37.99,normal,0
2025-08-01 01:11:00+03:00,32.46,36.4,0.748,6.807,38.69,normal,0
2025-08-01 01:12:00+03:00,31.99,33.6,0.724,6.565,37.57,normal,0
2025-08-01 01:13:00+03:00,32.47,33.1,0.775,6.406,38.78,normal,0
2025-08-01 01:14:00+03:00,31.21,34.8,0.657,6.714,37.42,normal,0
2025-08-01 01:15:00+03:00,32.25,35.7,0.794,6.438,38.29,normal,0
2025-08-01 01:16:00+03:00,32.03,38.1,0.761,6.651,37.7,normal,0
2025-08-01 01:17:00+03:00,31.91,36.3,0.697,6.533,38.75,normal,0
2025-08-01 01:18:00+03:00,32.03,33.1,0.756,6.648,37.52,normal,0
2025-08-01 01:19:00+03:00,31.4,38.7,0.661,6.963,37.65,normal,0
2025-08-01 01:20:00+03:00,31.93,37.4,0.671,6.817,38.44,normal,0
2025-08-01 01:21:00+03:00,32.11,36.6,0.679,6.857,37.93,normal,0
2025-08-01 01:22:00+03:00,32.44,36.2,0.682,6.54,38.1,normal,0
2025-08-01 01:23:00+03:00,31.84,33.1,0.646,6.538,36.97,normal,0
2025-08-01 01:24:00+03:00,31.76,34.3,0.764,6.539,38.14,normal,0
2025-08-01 01:25:00+03:00,31.85,37.2,0.699,6.859,37.98,normal,0
2025-08-01 01:26:00+03:00,32.27,39.8,0.737,6.871,40.02,normal,0
2025-08-01 01:27:00+03:00,32.1,38.5,0.687,6.752,38.17,normal,0
2025-08-01 01:28:00+03:00,31.84,34.0,0.611,6.621,37.53,normal,0
2025-08-01 01:29:00+03:00,32.15,33.3,0.713,6.629,37.92,normal,0
2025-08-01 01:30:00+03:00,32.03,35.4,0.611,6.524,38.31,normal,0
2025-08-01 01:31:00+03:00,32.29,32.6,0.694,6.447,38.04,normal,0
2025-08-01 01:32:00+03:00,31.79,35.6,0.638,6.477,38.24,normal,0
2025-08-01 01:33:00+03:00,31.9,34.7,0.803,6.207,37.63,normal,0
2025-08-01 01:34:00+03:00,31.88,34.1,0.748,6.576,37.4,normal,0
2025-08-01 01:35:00+03:00,31.56,31.8,0.701,6.499,36.7,normal,0
2025-08-01 01:36:00+03:00,32.09,36.4,0.772,6.723,37.48,normal,0
2025-08-01 01:37:00+03:00,32.08,34.2,0.66,6.26,37.95,normal,0
2025-08-01 01:38:00+03:00,32.0,32.7,0.725,6.409,37.82,normal,0
2025-08-01 01:39:00+03:00,31.93,29.3,0.698,5.925,37.31,normal,0
2025-08-01 01:40:00+03:00,31.58,34.9,0.718,6.799,38.22,normal,0
2025-08-01 01:41:00+03:00,31.87,38.5,0.779,6.647,38.83,normal,0
2025-08-01 01:42:00+03:00,31.9,38.3,0.752,6.986,38.21,normal,0
2025-08-01 01:43:00+03:00,31.76,34.1,0.717,6.688,37.11,normal,0
2025-08-01 01:44:00+03:00,31.95,33.8,0.619,6.393,37.77,normal,0
2025-08-01 01:45:00+03:00,32.12,36.4,0.661,6.514,38.16,normal,0
2025-08-01 01:46:00+03:00,32.57,35.2,0.699,6.665,38.48,normal,0
2025-08-01 01:47:00+03:00,32.05,35.8,0.712,6.521,37.99,normal,0
2025-08-01 01:48:00+03:00,32.08,36.8,0.654,6.723,38.13,normal,0
2025-08-01 01:49:00+03:00,31.98,37.5,0.833,6.678,38.2,normal,0
2025-08-01 01:50:00+03:00,31.42,34.8,0.78,6.321,37.3,normal,0
2025-08-01 01:51:00+03:00,31.99,34.6,0.734,6.241,38.19,normal,0
2025-08-01 01:52:00+03:00,32.02,33.3,0.704,6.532,38.16,normal,0
2025-08-01 01:53:00+03:00,32.74,36.2,0.698,6.588,38.63,normal,0
2025-08-01 01:54:00+03:00,31.94,34.5,0.656,6.487,38.55,normal,0
2025-08-01 01:55:00+03:00,32.09,36.1,0.712,6.77,37.95,normal,0
2025-08-01 01:56:00+03:00,31.99,36.8,0.723,6.884,37.65,normal,0
2025-08-01 01:57:00+03:00,31.65,33.4,0.638,6.463,37.81,normal,0
2025-08-01 01:58:00+03:00,32.34,39.3,0.735,6.807,38.55,normal,0
2025-08-01 01:59:00+03:00,32.23,35.3,0.698,6.693,38.54,normal,0
2025-08-01 02:00:00+03:00,32.24,35.9,0.612,6.45,37.51,normal,0
2025-08-01 02:01:00+03:00,31.73,33.5,0.657,6.543,38.3,normal,0
2025-08-01 02:02:00+03:00,32.42,31.8,0.675,6.491,38.55,normal,0
2025-08-01 02:03:00+03:00,31.58,36.8,0.805,6.81,37.29,normal,0
2025-08-01 02:04:00+03:00,32.18,37.2,0.739,6.441,37.94,normal,0
2025-08-01 02:05:00+03:00,32.66,37.0,0.644,6.606,39.66,normal,0
2025-08-01 02:06:00+03:00,31.7,35.1,0.73,6.474,37.56,normal,0
2025-08-01 02:07:00+03:00,31.83,36.0,0.631,6.675,37.74,normal,0
2025-08-01 02:08:00+03:00,32.03,32.0,0.75,6.492,37.0,normal,0
2025-08-01 02:09:00+03:00,31.85,33.9,0.678,6.759,37.76,normal,0
2025-08-01 02:10:00+03:00,31.53,36.6,0.705,6.622,37.73,normal,0
2025-08-01 02:11:00+03:00,32.02,32.6,0.764,6.381,38.24,normal,0
2025-08-01 02:12:00+03:00,31.68,35.6,0.642,6.808,37.32,normal,0
2025-08-01 02:13:00+03:00,32.14,32.8,0.629,6.512,37.48,normal,0
2025-08-01 02:14:00+03:00,31.72,35.9,0.679,6.844,38.13,normal,0
2025-08-01 02:15:00+03:00,32.46,36.7,0.762,6.745,39.17,normal,0
2025-08-01 02:16:00+03:00,31.77,31.8,0.619,6.234,37.0,normal,0
2025-08-01 02:17:00+03:00,31.9,37.3,0.57,6.538,38.69,normal,0
2025-08-01 02:18:00+03:00,32.24,34.5,0.681,6.337,38.36,normal,0
2025-08-01 02:19:00+03:00,31.63,33.4,0.728,6.603,38.07,normal,0
2025-08-01 02:20:00+03:00,32.07,35.7,0.767,6.82,38.25,normal,0
2025-08-01 02:21:00+03:00,32.39,38.8,0.693,7.105,37.87,normal,0
2025-08-01 02:22:00+03:00,31.52,33.0,0.678,6.606,37.43,normal,0
2025-08-01 02:23:00+03:00,32.06,35.4,0.764,6.798,38.67,normal,0
2025-08-01 02:24:00+03:00,32.08,36.2,0.615,6.585,37.98,normal,0
2025-08-01 02:25:00+03:00,32.23,37.3,0.692,6.565,38.43,normal,0
2025-08-01 02:26:00+03:00,31.63,35.4,0.716,6.752,37.75,normal,0
2025-08-01 02:27:00+03:00,31.6,34.3,0.725,6.621,36.53,normal,0
2025-08-01 02:28:00+03:00,32.16,34.0,0.677,6.556,38.89,normal,0
2025-08-01 02:29:00+03:00,32.09,35.5,0.708,6.688,37.92,normal,0
2025-08-01 02:30:00+03:00,32.08,33.2,0.575,6.54,38.27,normal,0
2025-08-01 02:31:00+03:00,32.1,29.5,0.656,6.463,37.72,normal,0
2025-08-01 02:32:00+03:00,31.8,35.9,0.73,6.848,38.53,normal,0
2025-08-01 02:33:00+03:00,32.07,37.1,0.662,6.808,38.57,normal,0
2025-08-01 02:34:00+03:00,32.09,30.6,0.695,6.463,37.75,normal,0
2025-08-01 02:35:00+03:00,31.79,33.0,0.721,6.557,37.4,normal,0
2025-08-01 02:36:00+03:00,32.56,38.4,0.698,6.735,39.34,normal,0
2025-08-01 02:37:00+03:00,32.14,39.7,0.728,6.995,37.96,normal,0
2025-08-01 02:38:00+03:00,31.64,35.0,0.657,6.391,38.05,normal,0
2025-08-01 02:39:00+03:00,32.2,34.3,0.693,6.716,37.85,normal,0
2025-08-01 02:40:00+03:00,31.71,34.6,0.734,6.397,38.32,normal,0
2025-08-01 02:41:00+03:00,32.24,38.7,0.724,6.865,38.79,normal,0
2025-08-01 02:42:00+03:00,32.35,35.1,0.676,6.479,38.77,normal,0
2025-08-01 02:43:00+03:00,31.75,33.4,0.711,6.587,37.79,normal,0
2025-08-01 02:44:00+03:00,32.29,35.1,0.741,6.601,37.75,normal,0
2025-08-01 02:45:00+03:00,32.12,33.6,0.598,6.277,37.8,normal,0
2025-08-01 02:46:00+03:00,32.25,36.2,0.767,6.735,38.78,normal,0
2025-08-01 02:47:00+03:00,32.57,40.4,0.704,6.837,39.27,normal,0
2025-08-01 02:48:00+03:00,31.93,35.6,0.728,6.768,38.61,normal,0
2025-08-01 02:49:00+03:00,31.77,34.5,0.763,6.57,38.04,normal,0
2025-08-01 02:50:00+03:00,31.73,34.4,0.635,6.623,37.44,normal,0
2025-08-01 02:51:00+03:00,31.76,31.9,0.66,6.27,37.31,normal,0
2025-08-01 02:52:00+03:00,31.98,36.8,0.696,6.62,38.33,normal,0
2025-08-01 02:53:00+03:00,32.1,35.2,0.666,6.543,37.34,normal,0
2025-08-01 02:54:00+03:00,32.08,34.9,0.791,6.723,38.89,normal,0
2025-08-01 02:55:00+03:00,32.25,42.3,0.684,7.29,39.23,normal,0
2025-08-01 02:56:00+03:00,32.0,35.6,0.679,6.515,38.69,normal,0
2025-08-01 02:57:00+03:00,32.44,35.2,0.716,6.774,37.98,normal,0
2025-08-01 02:58:00+03:00,31.92,34.1,0.642,6.221,38.49,normal,0
2025-08-01 02:59:00+03:00,32.82,40.5,0.702,6.751,40.36,normal,0
2025-08-01 03:00:00+03:00,32.19,36.0,0.724,6.516,37.9,normal,0
2025-08-01 03:01:00+03:00,31.74,32.1,0.68,6.223,37.94,normal,0
2025-08-01 03:02:00+03:00,31.68,36.8,0.706,6.47,37.99,normal,0
2025-08-01 03:03:00+03:00,32.14,34.2,0.676,6.614,37.6,normal,0
2025-08-01 03:04:00+03:00,31.93,38.7,0.64,6.79,38.61,normal,0
2025-08-01 03:05:00+03:00,32.21,38.0,0.73,6.837,38.96,normal,0
2025-08-01 03:06:00+03:00,32.14,34.6,0.792,6.68,38.01,normal,0
2025-08-01 03:07:00+03:00,31.98,37.6,0.714,6.796,38.83,normal,0
2025-08-01 03:08:00+03:00,31.75,35.1,0.717,6.705,37.24,normal,0
2025-08-01 03:09:00+03:00,31.55,36.7,0.745,6.692,37.26,normal,0
2025-08-01 03:10:00+03:00,31.87,36.0,0.645,6.482,38.16,normal,0
2025-08-01 03:11:00+03:00,32.26,34.3,0.788,6.717,38.36,normal,0
2025-08-01 03:12:00+03:00,32.06,33.9,0.712,6.446,37.82,normal,0
2025-08-01 03:13:00+03:00,31.63,37.1,0.793,6.586,38.29,normal,0
2025-08-01 03:14:00+03:00,32.05,34.5,0.667,6.543,38.37,normal,0
2025-08-01 03:15:00+03:00,32.12,34.7,0.795,6.445,38.59,normal,0
2025-08-01 03:16:00+03:00,31.73,33.1,0.738,6.423,37.66,normal,0
2025-08-01 03:17:00+03:00,32.05,36.0,0.736,6.712,38.53,normal,0
2025-08-01 03:18:00+03:00,32.02,39.2,0.729,6.904,38.37,normal,0
2025-08-01 03:19:00+03:00,31.66,32.9,0.686,6.339,38.44,normal,0
2025-08-01 03:20:00+03:00,32.11,35.5,0.767,6.557,37.98,normal,0
2025-08-01 03:21:00+03:00,32.17,38.5,0.723,6.971,39.48,normal,0
2025-08-01 03:22:00+03:00,32.32,36.1,0.61,6.74,38.58,normal,0
2025-08-01 03:23:00+03:00,32.32,37.1,0.655,7.037,38.11,normal,0
2025-08-01 03:24:00+03:00,31.59,32.9,0.689,6.651,38.1,normal,0
2025-08-01 03:25:00+03:00,31.72,35.9,0.723,6.826,38.0,normal,0
2025-08-01 03:26:00+03:00,32.15,35.2,0.703,6.404,38.66,normal,0
2025-08-01 03:27:00+03:00,32.15,37.5,0.773,6.865,39.01,normal,0
2025-08-01 03:28:00+03:00,32.15,38.0,0.616,6.772,38.71,normal,0
2025-08-01 03:29:00+03:00,33.16,44.6,0.741,7.093,39.94,normal,0
2025-08-01 03:30:00+03:00,32.17,36.8,0.62,6.733,38.87,normal,0
2025-08-01 03:31:00+03:00,32.34,37.0,0.749,6.862,38.67,normal,0
2025-08-01 03:32:00+03:00,32.29,36.5,0.705,6.765,38.85,normal,0
2025-08-01 03:33:00+03:00,32.2,35.1,0.726,6.474,37.5,normal,0
2025-08-01 03:34:00+03:00,31.91,35.7,0.664,6.753,38.3,normal,0
2025-08-01 03:35:00+03:00,32.23,35.3,0.77,6.522,38.15,normal,0
2025-08-01 03:36:00+03:00,31.77,35.3,0.758,6.651,38.61,normal,0
2025-08-01 03:37:00+03:00,31.93,37.6,0.742,6.71,38.56,normal,0
2025-08-01 03:38:00+03:00,31.85,33.0,0.693,6.447,37.92,normal,0
2025-08-01 03:39:00+03:00,32.02,37.4,0.741,6.859,38.58,normal,0
2025-08-01 03:40:00+03:00,32.69,40.3,0.686,6.762,38.92,normal,0
2025-08-01 03:41:00+03:00,31.44,34.8,0.747,6.88,38.22,normal,0
2025-08-01 03:42:00+03:00,32.21,31.6,0.777,6.123,38.85,normal,0
2025-08-01 03:43:00+03:00,31.52,33.8,0.755,6.438,37.72,normal,0
2025-08-01 03:44:00+03:00,31.86,37.6,0.676,6.812,38.88,normal,0
2025-08-01 03:45:00+03:00,32.33,36.2,0.727,6.76,38.36,normal,0
2025-08-01 03:46:00+03:00,32.02,33.1,0.635,6.471,37.68,normal,0
2025-08-01 03:47:00+03:00,31.68,34.0,0.731,6.531,37.76,normal,0
2025-08-01 03:48:00+03:00,31.79,36.7,0.733,6.764,38.27,normal,0
2025-08-01 03:49:00+03:00,32.2,36.9,0.617,6.679,38.36,normal,0
2025-08-01 03:50:00+03:00,31.78,34.5,0.645,6.779,38.1,normal,0
2025-08-01 03:51:00+03:00,32.06,34.5,0.689,6.696,38.29,normal,0
2025-08-01 03:52:00+03:00,32.01,34.3,0.688,6.689,37.7,normal,0
2025-08-01 03:53:00+03:00,31.8,33.2,0.639,6.347,38.0,normal,0
2025-08-01 03:54:00+03:00,32.64,40.7,0.742,6.93,39.65,normal,0
2025-08-01 03:55:00+03:00,32.19,35.1,0.718,6.561,38.42,normal,0
2025-08-01 03:56:00+03:00,31.39,37.4,0.702,6.593,38.22,normal,0
2025-08-01 03:57:00+03:00,32.06,38.3,0.677,6.852,38.02,normal,0
2025-08-01 03:58:00+03:00,31.8,37.0,0.763,6.639,38.32,normal,0
2025-08-01 03:59:00+03:00,32.26,35.1,0.788,6.704,37.95,normal,0
2025-08-01 04:00:00+03:00,31.76,35.8,0.683,6.487,37.54,normal,0
2025-08-01 04:01:00+03:00,31.97,35.0,0.674,6.858,37.87,normal,0
2025-08-01 04:02:00+03:00,32.15,33.8,0.726,6.394,37.82,normal,0
2025-08-01 04:03:00+03:00,32.26,36.6,0.692,6.729,38.33,normal,0
2025-08-01 04:04:00+03:00,31.64,32.6,0.691,6.575,37.49,normal,0
2025-08-01 04:05:00+03:00,31.9,37.4,0.749,6.658,38.6,normal,0
2025-08-01 04:06:00+03:00,31.86,34.1,0.607,6.674,37.8,normal,0
2025-08-01 04:07:00+03:00,31.8,35.4,0.772,6.44,37.35,normal,0
2025-08-01 04:08:00+03:00,32.53,37.6,0.716,6.974,39.37,normal,0
2025-08-01 04:09:00+03:00,32.12,34.9,0.684,6.596,37.93,normal,0
2025-08-01 04:10:00+03:00,31.62,36.2,0.704,6.583,37.85,normal,0
2025-08-01 04:11:00+03:00,32.28,35.1,0.703,6.561,38.62,normal,0
2025-08-01 04:12:00+03:00,32.64,39.2,0.631,6.973,39.25,normal,0
2025-08-01 04:13:00+03:00,32.31,33.5,0.775,6.422,38.76,normal,0
2025-08-01 04:14:00+03:00,31.54,35.3,0.708,6.506,37.91,normal,0
2025-08-01 04:15:00+03:00,31.85,38.9,0.739,6.801,38.01,normal,0
2025-08-01 04:16:00+03:00,32.38,34.5,0.751,6.393,39.36,normal,0
2025-08-01 04:17:00+03:00,31.79,33.6,0.65,6.789,37.89,normal,0
2025-08-01 04:18:00+03:00,32.13,36.5,0.733,6.605,38.36,normal,0
2025-08-01 04:19:00+03:00,32.23,36.2,0.695,6.797,38.87,normal,0
2025-08-01 04:20:00+03:00,31.72,35.7,0.749,6.673,38.03,normal,0
2025-08-01 04:21:00+03:00,31.98,36.0,0.602,6.512,38.38,normal,0
2025-08-01 04:22:00+03:00,31.03,36.3,0.704,6.677,38.29,normal,0
2025-08-01 04:23:00+03:00,31.69,37.2,0.681,6.85,37.93,normal,0
2025-08-01 04:24:00+03:00,31.92,35.8,0.729,6.62,38.01,normal,0
2025-08-01 04:25:00+03:00,31.63,34.5,0.727,6.749,37.78,normal,0
2025-08-01 04:26:00+03:00,32.49,38.2,0.679,6.945,39.36,normal,0
2025-08-01 04:27:00+03:00,31.57,38.8,0.681,6.966,37.46,normal,0
2025-08-01 04:28:00+03:00,31.87,34.7,0.699,6.513,37.21,normal,0
2025-08-01 04:29:00+03:00,32.04,33.2,0.655,6.33,37.79,normal,0
2025-08-01 04:30:00+03:00,32.43,38.9,0.759,6.742,38.28,normal,0
2025-08-01 04:31:00+03:00,31.57,34.8,0.686,6.617,37.53,normal,0
2025-08-01 04:32:00+03:00,32.35,32.0,0.551,6.502,38.43,normal,0
2025-08-01 04:33:00+03:00,32.0,36.7,0.691,6.376,37.95,normal,0
2025-08-01 04:34:00+03:00,31.71,33.9,0.65,6.533,37.19,normal,0
2025-08-01 04:35:00+03:00,32.14,35.4,0.625,6.648,38.35,normal,0
2025-08-01 04:36:00+03:00,32.06,35.9,0.646,6.612,38.64,normal,0
2025-08-01 04:37:00+03:00,31.82,35.4,0.712,6.818,37.33,normal,0
2025-08-01 04:38:00+03:00,32.02,36.5,0.776,6.753,38.63,normal,0
2025-08-01 04:39:00+03:00,31.88,34.1,0.718,6.743,38.28,normal,0
2025-08-01 04:40:00+03:00,32.03,36.1,0.678,6.634,38.66,normal,0
2025-08-01 04:41:00+03:00,32.2,35.3,0.729,6.759,38.86,normal,0
2025-08-01 04:42:00+03:00,32.48,38.3,0.692,7.043,39.81,normal,0
2025-08-01 04:43:00+03:00,31.63,36.2,0.674,6.869,37.75,normal,0
2025-08-01 04:44:00+03:00,32.64,35.6,0.649,6.472,38.89,normal,0
2025-08-01 04:45:00+03:00,31.41,37.2,0.624,6.694,37.59,normal,0
2025-08-01 04:46:00+03:00,31.95,33.9,0.682,6.482,38.0,normal,0
2025-08-01 04:47:00+03:00,32.18,37.3,0.72,6.811,39.15,normal,0
2025-08-01 04:48:00+03:00,32.08,36.0,0.703,6.763,37.78,normal,0
2025-08-01 04:49:00+03:00,31.81,38.7,0.695,6.696,37.95,normal,0
2025-08-01 04:50:00+03:00,31.94,34.6,0.657,6.586,38.6,normal,0
2025-08-01 04:51:00+03:00,31.85,34.3,0.733,6.255,38.35,normal,0
2025-08-01 04:52:00+03:00,31.82,35.0,0.639,6.816,37.82,normal,0
2025-08-01 04:53:00+03:00,32.25,35.4,0.745,6.547,38.78,normal,0
2025-08-01 04:54:00+03:00,32.11,37.0,0.661,6.728,38.58,normal,0
2025-08-01 04:55:00+03:00,31.79,31.8,0.658,6.362,38.25,normal,0
2025-08-01 04:56:00+03:00,32.27,33.9,0.628,6.706,38.35,normal,0
2025-08-01 04:57:00+03:00,32.09,33.2,0.675,6.066,38.49,normal,0
2025-08-01 04:58:00+03:00,32.24,37.8,0.762,6.766,39.7,normal,0
2025-08-01 04:59:00+03:00,32.19,39.2,0.743,6.836,38.96,normal,0
2025-08-01 05:00:00+03:00,31.75,34.8,0.753,6.52,37.9,normal,0
2025-08-01 05:01:00+03:00,31.83,34.7,0.73,6.841,38.24,normal,0
2025-08-01 05:02:00+03:00,32.22,36.0,0.653,6.527,38.31,normal,0
2025-08-01 05:03:00+03:00,32.18,38.0,0.697,6.896,39.56,normal,0
2025-08-01 05:04:00+03:00,31.99,33.1,0.66,6.539,38.04,normal,0
2025-08-01 05:05:00+03:00,32.04,35.6,0.773,6.825,38.13,normal,0
2025-08-01 05:06:00+03:00,32.38,38.4,0.655,6.704,38.5,normal,0
2025-08-01 05:07:00+03:00,31.82,36.0,0.753,6.55,38.5,normal,0
2025-08-01 05:08:00+03:00,32.16,36.0,0.753,6.824,38.75,normal,0
2025-08-01 05:09:00+03:00,31.94,37.0,0.802,6.784,38.07,normal,0
2025-08-01 05:10:00+03:00,31.93,29.6,0.668,6.044,37.82,normal,0
2025-08-01 05:11:00+03:00,32.33,37.6,0.748,6.675,38.11,normal,0
2025-08-01 05:12:00+03:00,32.25,34.7,0.818,6.64,38.45,normal,0
2025-08-01 05:13:00+03:00,32.24,32.3,0.666,6.564,38.33,normal,0
2025-08-01 05:14:00+03:00,32.39,37.5,0.636,6.648,39.45,normal,0
2025-08-01 05:15:00+03:00,32.01,37.8,0.619,6.331,38.1,normal,0
2025-08-01 05:16:00+03:00,32.2,35.5,0.742,6.708,37.88,normal,0
2025-08-01 05:17:00+03:00,31.91,36.9,0.617,6.531,37.87,normal,0
2025-08-01 05:18:00+03:00,32.1,38.6,0.697,6.513,38.04,normal,0
2025-08-01 05:19:00+03:00,31.96,37.6,0.735,6.331,38.88,normal,0
2025-08-01 05:20:00+03:00,32.03,38.4,0.724,6.926,39.11,normal,0
2025-08-01 05:21:00+03:00,32.18,37.2,0.733,6.751,38.66,normal,0
2025-08-01 05:22:00+03:00,31.75,35.2,0.717,6.578,38.41,normal,0
2025-08-01 05:23:00+03:00,32.63,34.2,0.767,6.76,38.76,normal,0
2025-08-01 05:24:00+03:00,31.7,34.5,0.656,6.666,37.77,normal,0
2025-08-01 05:25:00+03:00,31.64,33.3,0.666,6.74,37.5,normal,0
2025-08-01 05:26:00+03:00,32.35,40.7,0.683,6.733,38.89,normal,0
2025-08-01 05:27:00+03:00,32.24,35.6,0.748,6.631,37.82,normal,0
2025-08-01 05:28:00+03:00,32.19,36.0,0.753,6.417,38.54,normal,0
2025-08-01 05:29:00+03:00,32.19,36.8,0.733,6.674,38.49,normal,0
2025-08-01 05:30:00+03:00,32.0,35.1,0.764,6.569,38.46,normal,0
2025-08-01 05:31:00+03:00,31.73,38.4,0.656,6.898,38.22,normal,0
2025-08-01 05:32:00+03:00,32.02,33.8,0.785,6.535,38.0,normal,0
2025-08-01 05:33:00+03:00,31.8,35.4,0.782,6.718,37.64,normal,0
2025-08-01 05:34:00+03:00,32.29,34.6,0.741,6.682,38.43,normal,0
2025-08-01 05:35:00+03:00,31.96,32.4,0.786,6.767,38.17,normal,0
2025-08-01 05:36:00+03:00,31.75,33.8,0.619,6.481,37.33,normal,0
2025-08-01 05:37:00+03:00,31.9,34.9,0.678,6.453,38.08,normal,0
2025-08-01 05:38:00+03:00,32.12,34.6,0.667,6.613,38.33,normal,0
2025-08-01 05:39:00+03:00,31.83,33.6,0.737,6.396,37.57,normal,0
2025-08-01 05:40:00+03:00,31.75,32.2,0.644,6.654,37.41,normal,0
2025-08-01 05:41:00+03:00,32.07,35.1,0.743,6.564,38.32,normal,0
2025-08-01 05:42:00+03:00,32.07,32.3,0.765,6.353,37.52,normal,0
2025-08-01 05:43:00+03:00,31.85,36.5,0.744,6.619,38.27,normal,0
2025-08-01 05:44:00+03:00,31.86,35.2,0.72,6.72,37.67,normal,0
2025-08-01 05:45:00+03:00,32.07,32.4,0.648,6.42,38.41,normal,0
2025-08-01 05:46:00+03:00,31.57,34.4,0.661,6.468,38.6,normal,0
2025-08-01 05:47:00+03:00,31.58,33.5,0.763,6.76,37.25,normal,0
2025-08-01 05:48:00+03:00,31.78,35.6,0.746,6.508,38.2,normal,0
2025-08-01 05:49:00+03:00,31.94,37.7,0.711,6.767,38.04,normal,0
2025-08-01 05:50:00+03:00,32.09,31.6,0.674,6.494,38.35,normal,0
2025-08-01 05:51:00+03:00,32.44,36.9,0.609,6.469,38.25,normal,0
2025-08-01 05:52:00+03:00,32.26,35.7,0.654,6.714,38.67,normal,0
2025-08-01 05:53:00+03:00,31.95,36.3,0.804,6.52,37.87,normal,0
2025-08-01 05:54:00+03:00,31.99,35.4,0.642,6.747,38.09,normal,0
2025-08-01 05:55:00+03:00,31.7,33.5,0.71,6.366,37.3,normal,0
2025-08-01 05:56:00+03:00,31.99,34.4,0.754,6.668,38.41,normal,0
2025-08-01 05:57:00+03:00,31.91,33.4,0.637,6.67,37.58,normal,0
2025-08-01 05:58:00+03:00,32.1,37.5,0.722,6.879,38.7,normal,0
2025-08-01 05:59:00+03:00,31.75,35.0,0.752,6.638,37.76,normal,0
2025-08-01 06:00:00+03:00,32.16,39.4,0.719,6.829,38.66,normal,0
2025-08-01 06:01:00+03:00,32.46,36.6,0.853,6.61,38.81,normal,0
2025-08-01 06:02:00+03:00,31.97,33.6,0.617,6.737,37.69,normal,0
2025-08-01 06:03:00+03:00,32.12,32.4,0.75,6.339,38.12,normal,0
2025-08-01 06:04:00+03:00,32.21,32.2,0.688,6.276,38.72,normal,0
2025-08-01 06:05:00+03:00,31.88,31.8,0.734,6.508,37.43,normal,0
2025-08-01 06:06:00+03:00,32.07,35.8,0.729,6.529,38.76,normal,0
2025-08-01 06:07:00+03:00,32.0,36.0,0.671,6.517,38.84,normal,0
2025-08-01 06:08:00+03:00,32.03,32.0,0.707,6.203,37.58,normal,0
2025-08-01 06:09:00+03:00,31.77,36.8,0.618,6.636,37.5,normal,0
2025-08-01 06:10:00+03:00,32.01,34.1,0.732,6.534,38.2,normal,0
2025-08-01 06:11:00+03:00,32.15,35.9,0.723,6.69,38.16,normal,0
2025-08-01 06:12:00+03:00,32.44,39.9,0.752,7.037,39.78,normal,0
2025-08-01 06:13:00+03:00,32.29,37.9,0.767,6.853,38.71,normal,0
2025-08-01 06:14:00+03:00,32.65,37.0,0.729,6.691,38.66,normal,0
2025-08-01 06:15:00+03:00,31.77,33.2,0.707,6.462,37.3,normal,0
2025-08-01 06:16:00+03:00,32.26,31.7,0.651,6.479,38.55,normal,0
2025-08-01 06:17:00+03:00,32.06,33.8,0.666,6.719,37.87,normal,0
2025-08-01 06:18:00+03:00,32.66,37.1,0.771,6.745,39.02,normal,0
2025-08-01 06:19:00+03:00,31.76,33.0,0.771,6.41,38.11,normal,0
2025-08-01 06:20:00+03:00,31.75,34.7,0.692,6.433,37.68,normal,0
2025-08-01 06:21:00+03:00,31.82,35.2,0.708,6.395,37.97,normal,0
2025-08-01 06:22:00+03:00,31.36,34.6,0.659,6.676,37.47,normal,0
2025-08-01 06:23:00+03:00,31.84,33.7,0.76,6.609,38.15,normal,0
2025-08-01 06:24:00+03:00,31.77,35.3,0.739,6.705,38.18,normal,0
2025-08-01 06:25:00+03:00,32.05,36.1,0.805,6.647,38.21,normal,0
2025-08-01 06:26:00+03:00,32.1,33.2,0.656,6.703,38.11,normal,0
2025-08-01 06:27:00+03:00,32.56,40.0,0.701,6.827,39.01,normal,0
2025-08-01 06:28:00+03:00,32.29,35.9,0.719,6.797,37.93,normal,0
2025-08-01 06:29:00+03:00,31.83,35.0,0.737,6.594,38.08,normal,0
2025-08-01 06:30:00+03:00,31.73,36.4,0.698,6.593,38.76,normal,0
2025-08-01 06:31:00+03:00,32.15,36.0,0.664,6.749,38.04,normal,0
2025-08-01 06:32:00+03:00,31.6,36.9,0.755,6.775,37.61,normal,0
2025-08-01 06:33:00+03:00,32.55,37.7,0.749,6.816,38.59,normal,0
2025-08-01 06:34:00+03:00,32.35,35.1,0.659,6.618,38.8,normal,0
2025-08-01 06:35:00+03:00,31.86,35.7,0.775,6.636,38.25,normal,0
2025-08-01 06:36:00+03:00,31.49,32.7,0.757,6.82,37.37,normal,0
2025-08-01 06:37:00+03:00,32.41,36.8,0.717,6.886,38.35,normal,0
2025-08-01 06:38:00+03:00,31.97,34.9,0.709,6.702,38.15,normal,0
2025-08-01 06:39:00+03:00,32.37,36.0,0.736,6.677,37.98,normal,0
2025-08-01 06:40:00+03:00,31.52,34.7,0.661,6.733,37.7,normal,0
2025-08-01 06:41:00+03:00,31.82,31.2,0.695,6.45,37.98,normal,0
2025-08-01 06:42:00+03:00,32.0,33.9,0.594,6.538,37.55,normal,0
2025-08-01 06:43:00+03:00,32.01,35.2,0.749,6.566,37.56,normal,0
2025-08-01 06:44:00+03:00,31.86,35.3,0.628,6.606,38.67,normal,0
2025-08-01 06:45:00+03:00,32.19,33.7,0.776,6.046,37.98,normal,0
2025-08-01 06:46:00+03:00,31.68,37.5,0.696,6.782,38.51,normal,0
2025-08-01 06:47:00+03:00,31.96,33.3,0.689,6.425,37.9,normal,0
2025-08-01 06:48:00+03:00,32.04,37.1,0.68,6.965,38.31,normal,0
2025-08-01 06:49:00+03:00,32.15,36.4,0.695,6.687,38.6,normal,0
2025-08-01 06:50:00+03:00,32.21,34.5,0.774,6.392,37.96,normal,0
2025-08-01 06:51:00+03:00,31.66,38.6,0.591,6.809,38.19,normal,0
2025-08-01 06:52:00+03:00,31.54,32.6,0.762,6.299,37.32,normal,0
2025-08-01 06:53:00+03:00,32.38,38.3,0.732,6.869,38.3,normal,0
2025-08-01 06:54:00+03:00,32.1,37.4,0.652,6.788,38.6,normal,0
2025-08-01 06:55:00+03:00,31.78,33.7,0.647,6.666,37.71,normal,0
2025-08-01 06:56:00+03:00,32.47,39.6,0.803,6.757,38.97,normal,0
2025-08-01 06:57:00+03:00,32.03,34.6,0.657,6.581,37.66,normal,0
2025-08-01 06:58:00+03:00,32.35,36.9,0.653,6.509,39.31,normal,0
2025-08-01 06:59:00+03:00,32.02,35.6,0.764,6.741,38.57,normal,0
2025-08-01 07:00:00+03:00,32.62,37.1,0.728,6.804,39.34,normal,0
2025-08-01 07:01:00+03:00,32.53,38.7,0.669,6.896,38.89,normal,0
2025-08-01 07:02:00+03:00,31.93,36.6,0.721,6.696,37.53,normal,0
2025-08-01 07:03:00+03:00,32.29,32.6,0.647,6.518,39.01,normal,0
2025-08-01 07:04:00+03:00,32.19,38.3,0.77,7.039,38.61,normal,0
2025-08-01 07:05:00+03:00,32.41,33.3,0.753,6.455,38.11,normal,0
2025-08-01 07:06:00+03:00,31.71,37.1,0.738,6.747,38.22,normal,0
2025-08-01 07:07:00+03:00,32.21,38.1,0.732,6.623,39.11,normal,0
2025-08-01 07:08:00+03:00,32.32,34.0,0.79,6.41,38.37,normal,0
2025-08-01 07:09:00+03:00,31.47,34.2,0.703,6.567,38.06,normal,0
2025-08-01 07:10:00+03:00,31.65,32.8,0.639,6.634,38.04,normal,0
2025-08-01 07:11:00+03:00,31.39,34.6,0.726,6.538,37.07,normal,0
2025-08-01 07:12:00+03:00,31.92,34.4,0.808,6.529,37.75,normal,0
2025-08-01 07:13:00+03:00,32.22,37.4,0.661,6.683,38.97,normal,0
2025-08-01 07:14:00+03:00,32.45,39.4,0.7,6.784,37.91,normal,0
2025-08-01 07:15:00+03:00,32.02,37.9,0.735,6.818,38.37,normal,0
2025-08-01 07:16:00+03:00,32.49,35.8,0.705,6.423,38.14,normal,0
2025-08-01 07:17:00+03:00,31.59,34.6,0.655,6.768,37.51,normal,0
2025-08-01 07:18:00+03:00,31.49,31.6,0.751,6.296,37.21,normal,0
2025-08-01 07:19:00+03:00,31.98,33.4,0.816,6.612,37.84,normal,0
2025-08-01 07:20:00+03:00,32.12,37.4,0.722,6.554,38.27,normal,0
2025-08-01 07:21:00+03:00,31.99,38.2,0.669,6.892,37.99,normal,0
2025-08-01 07:22:00+03:00,31.38,32.5,0.62,6.551,38.22,normal,0
2025-08-01 07:23:00+03:00,31.97,33.8,0.714,6.586,38.76,normal,0
2025-08-01 07:24:00+03:00,31.61,34.9,0.76,6.445,37.29,normal,0
2025-08-01 07:25:00+03:00,32.2,36.3,0.733,6.715,39.1,normal,0
2025-08-01 07:26:00+03:00,32.11,33.8,0.701,6.351,37.99,normal,0
2025-08-01 07:27:00+03:00,31.72,35.8,0.678,6.61,37.99,normal,0
2025-08-01 07:28:00+03:00,31.85,34.1,0.648,6.7,37.89,normal,0
2025-08-01 07:29:00+03:00,31.68,35.0,0.747,6.72,37.57,normal,0
2025-08-01 07:30:00+03:00,31.98,36.1,0.754,6.668,38.62,normal,0
2025-08-01 07:31:00+03:00,32.29,36.1,0.631,6.52,38.59,normal,0
2025-08-01 07:32:00+03:00,31.7,34.1,0.782,6.643,37.58,normal,0
2025-08-01 07:33:00+03:00,32.15,35.4,0.735,6.627,37.81,normal,0
2025-08-01 07:34:00+03:00,31.84,34.8,0.774,6.24,37.61,normal,0
2025-08-01 07:35:00+03:00,31.76,34.3,0.636,6.675,37.19,normal,0
2025-08-01 07:36:00+03:00,31.97,34.5,0.635,6.566,38.08,normal,0
2025-08-01 07:37:00+03:00,31.69,38.2,0.707,6.972,37.65,normal,0
2025-08-01 07:38:00+03:00,31.83,36.1,0.733,6.502,37.97,normal,0
2025-08-01 07:39:00+03:00,31.64,34.4,0.793,6.087,38.28,normal,0
2025-08-01 07:40:00+03:00,32.59,38.7,0.751,6.864,39.55,normal,0
2025-08-01 07:41:00+03:00,32.01,34.4,0.691,6.608,38.09,normal,0
2025-08-01 07:42:00+03:00,31.79,37.3,0.661,6.484,38.11,normal,0
2025-08-01 07:43:00+03:00,32.06,36.0,0.77,6.513,39.05,normal,0
2025-08-01 07:44:00+03:00,31.97,34.8,0.656,7.001,38.31,normal,0
2025-08-01 07:45:00+03:00,31.93,35.9,0.789,6.608,38.03,normal,0
2025-08-01 07:46:00+03:00,32.18,32.6,0.684,6.566,37.54,normal,0
2025-08-01 07:47:00+03:00,32.23,33.6,0.78,6.418,38.41,normal,0
2025-08-01 07:48:00+03:00,31.84,32.6,0.732,6.142,38.11,normal,0
2025-08-01 07:49:00+03:00,31.83,35.3,0.699,6.592,37.75,normal,0
2025-08-01 07:50:00+03:00,31.92,38.5,0.69,6.77,38.5,normal,0
2025-08-01 07:51:00+03:00,31.31,39.5,0.701,6.81,37.72,normal,0
2025-08-01 07:52:00+03:00,31.55,36.3,0.73,6.661,37.74,normal,0
2025-08-01 07:53:00+03:00,32.41,37.6,0.717,6.796,37.8,normal,0
2025-08-01 07:54:00+03:00,32.49,33.3,0.67,6.475,38.4,normal,0
2025-08-01 07:55:00+03:00,31.93,33.9,0.693,6.344,38.37,normal,0
2025-08-01 07:56:00+03:00,32.17,34.1,0.706,6.619,37.99,normal,0
2025-08-01 07:57:00+03:00,32.09,34.1,0.596,6.254,38.18,normal,0
2025-08-01 07:58:00+03:00,32.92,38.2,0.738,6.484,39.06,normal,0
2025-08-01 07:59:00+03:00,32.34,35.4,0.657,6.735,38.67,normal,0
2025-08-01 08:00:00+03:00,31.96,31.0,0.635,6.436,37.66,normal,0
2025-08-01 08:01:00+03:00,31.71,36.5,0.625,6.681,37.62,normal,0
2025-08-01 08:02:00+03:00,31.52,32.9,0.609,6.265,38.01,normal,0
2025-08-01 08:03:00+03:00,32.06,35.7,0.639,6.536,38.64,normal,0
2025-08-01 08:04:00+03:00,31.77,39.1,0.682,6.807,38.05,normal,0
2025-08-01 08:05:00+03:00,31.57,33.2,0.797,6.253,37.76,normal,0
2025-08-01 08:06:00+03:00,31.81,29.9,0.663,6.183,37.72,normal,0
2025-08-01 08:07:00+03:00,31.68,34.4,0.712,6.662,38.03,normal,0
2025-08-01 08:08:00+03:00,32.51,39.2,0.738,7.066,38.36,normal,0
2025-08-01 08:09:00+03:00,32.26,39.9,0.726,6.831,39.25,normal,0
2025-08-01 08:10:00+03:00,32.0,32.5,0.694,6.563,37.7,normal,0
2025-08-01 08:11:00+03:00,32.44,37.7,0.653,6.475,38.69,normal,0
2025-08-01 08:12:00+03:00,32.02,34.1,0.775,6.645,39.14,normal,0
2025-08-01 08:13:00+03:00,31.74,34.8,0.795,6.467,37.99,normal,0
2025-08-01 08:14:00+03:00,32.46,42.1,0.642,7.072,39.09,normal,0
2025-08-01 08:15:00+03:00,32.16,32.6,0.647,6.419,37.21,normal,0
2025-08-01 08:16:00+03:00,31.69,35.5,0.693,6.828,38.44,normal,0
2025-08-01 08:17:00+03:00,31.94,35.9,0.659,6.523,37.63,normal,0
2025-08-01 08:18:00+03:00,31.74,37.2,0.737,6.826,37.69,normal,0
2025-08-01 08:19:00+03:00,31.59,35.2,0.669,6.57,37.63,normal,0
2025-08-01 08:20:00+03:00,32.28,36.7,0.818,6.678,39.15,normal,0
2025-08-01 08:21:00+03:00,32.57,36.4,0.769,6.656,39.16,normal,0
2025-08-01 08:22:00+03:00,31.58,35.5,0.717,6.503,37.71,normal,0
2025-08-01 08:23:00+03:00,32.17,35.0,0.756,6.598,38.44,normal,0
2025-08-01 08:24:00+03:00,31.8,36.2,0.764,6.663,37.82,normal,0
2025-08-01 08:25:00+03:00,31.85,34.3,0.675,6.594,37.99,normal,0
2025-08-01 08:26:00+03:00,31.82,35.8,0.667,6.661,38.07,normal,0
2025-08-01 08:27:00+03:00,31.74,34.9,0.709,6.714,38.27,normal,0
2025-08-01 08:28:00+03:00,32.01,37.3,0.755,6.877,38.75,normal,0
2025-08-01 08:29:00+03:00,31.75,34.9,0.712,6.436,38.09,normal,0
2025-08-01 08:30:00+03:00,32.08,31.8,0.617,6.538,37.8,normal,0
2025-08-01 08:31:00+03:00,31.98,37.5,0.672,6.572,38.65,normal,0
2025-08-01 08:32:00+03:00,31.93,33.2,0.696,6.58,37.88,normal,0
2025-08-01 08:33:00+03:00,31.73,33.7,0.697,6.615,37.33,normal,0
2025-08-01 08:34:00+03:00,31.83,33.8,0.8,6.241,37.71,normal,0
2025-08-01 08:35:00+03:00,32.23,38.6,0.647,6.83,38.74,normal,0
2025-08-01 08:36:00+03:00,32.15,31.3,0.719,6.308,38.33,normal,0
2025-08-01 08:37:00+03:00,31.71,41.3,0.798,6.864,38.35,normal,0
2025-08-01 08:38:00+03:00,32.03,37.2,0.825,6.935,37.89,normal,0
2025-08-01 08:39:00+03:00,32.23,36.3,0.689,6.58,38.52,normal,0
2025-08-01 08:40:00+03:00,31.5,34.9,0.729,6.473,37.69,normal,0
2025-08-01 08:41:00+03:00,32.16,36.2,0.737,6.683,38.49,normal,0
2025-08-01 08:42:00+03:00,31.8,36.0,0.718,6.763,38.41,normal,0
2025-08-01 08:43:00+03:00,32.17,36.9,0.706,6.693,38.9,normal,0
2025-08-01 08:44:00+03:00,31.77,36.1,0.73,6.841,37.78,normal,0
2025-08-01 08:45:00+03:00,31.46,35.2,0.579,6.692,37.38,normal,0
2025-08-01 08:46:00+03:00,31.51,34.6,0.738,6.249,37.21,normal,0
2025-08-01 08:47:00+03:00,32.01,34.7,0.71,6.503,38.41,normal,0
2025-08-01 08:48:00+03:00,32.08,34.9,0.694,6.51,38.8,normal,0
2025-08-01 08:49:00+03:00,31.73,37.3,0.814,6.81,37.96,normal,0
2025-08-01 08:50:00+03:00,32.19,36.9,0.677,6.32,38.41,normal,0
2025-08-01 08:51:00+03:00,31.5,29.1,0.667,6.628,37.71,normal,0
2025-08-01 08:52:00+03:00,31.98,36.3,0.808,6.758,38.45,normal,0
2025-08-01 08:53:00+03:00,31.64,35.4,0.665,6.646,38.0,normal,0
2025-08-01 08:54:00+03:00,31.8,35.0,0.677,6.777,37.47,normal,0
2025-08-01 08:55:00+03:00,32.01,34.3,0.696,6.91,38.37,normal,0
2025-08-01 08:56:00+03:00,31.74,37.2,0.754,6.863,37.72,normal,0
2025-08-01 08:57:00+03:00,31.88,36.9,0.721,6.856,37.75,normal,0
2025-08-01 08:58:00+03:00,32.3,34.6,0.639,6.596,38.28,normal,0
2025-08-01 08:59:00+03:00,31.83,35.8,0.681,6.627,37.82,normal,0
2025-08-01 09:00:00+03:00,32.25,34.0,0.672,6.469,38.22,normal,0
2025-08-01 09:01:00+03:00,31.72,32.2,0.693,6.308,37.04,normal,0
2025-08-01 09:02:00+03:00,32.27,34.8,0.726,6.485,38.79,normal,0
2025-08-01 09:03:00+03:00,32.6,39.0,0.738,6.637,39.56,normal,0
2025-08-01 09:04:00+03:00,31.49,36.9,0.622,6.703,37.03,normal,0
2025-08-01 09:05:00+03:00,32.04,36.2,0.762,6.419,38.69,normal,0
2025-08-01 09:06:00+03:00,32.51,38.4,0.728,6.833,38.64,normal,0
2025-08-01 09:07:00+03:00,32.34,37.3,0.781,6.733,39.04,normal,0
2025-08-01 09:08:00+03:00,32.57,35.9,0.73,6.676,38.77,normal,0
2025-08-01 09:09:00+03:00,32.33,37.1,0.766,6.648,38.68,normal,0
2025-08-01 09:10:00+03:00,32.59,38.9,0.74,7.296,39.02,normal,0
2025-08-01 09:11:00+03:00,32.58,38.7,0.783,7.026,39.55,normal,0
2025-08-01 09:12:00+03:00,33.03,41.3,0.75,6.791,39.25,normal,0
2025-08-01 09:13:00+03:00,32.81,39.5,0.714,6.905,39.61,normal,0
2025-08-01 09:14:00+03:00,32.89,39.1,0.831,6.755,39.85,normal,0
2025-08-01 09:15:00+03:00,32.73,39.9,0.764,6.742,39.61,normal,0
2025-08-01 09:16:00+03:00,32.76,37.9,0.742,6.573,40.1,normal,0
2025-08-01 09:17:00+03:00,32.83,36.4,0.645,6.749,38.89,normal,0
2025-08-01 09:18:00+03:00,33.14,39.1,0.653,6.744,40.04,normal,0
2025-08-01 09:19:00+03:00,32.95,37.2,0.726,6.877,39.26,normal,0
2025-08-01 09:20:00+03:00,33.22,38.3,0.722,6.947,40.16,normal,0
2025-08-01 09:21:00+03:00,33.81,41.7,0.694,7.208,40.56,normal,0
2025-08-01 09:22:00+03:00,33.51,39.2,0.725,6.724,39.88,normal,0
2025-08-01 09:23:00+03:00,33.2,39.0,0.796,6.911,40.23,normal,0
2025-08-01 09:24:00+03:00,33.72,37.8,0.748,6.863,39.93,normal,0
2025-08-01 09:25:00+03:00,33.29,40.4,0.664,6.853,39.36,normal,0
2025-08-01 09:26:00+03:00,32.86,38.3,0.709,6.682,39.1,normal,0
2025-08-01 09:27:00+03:00,33.23,38.1,0.674,7.027,39.91,normal,0
2025-08-01 09:28:00+03:00,33.02,40.2,0.701,6.946,40.19,normal,0
2025-08-01 09:29:00+03:00,33.54,42.8,0.708,7.163,40.44,normal,0
2025-08-01 09:30:00+03:00,33.7,38.3,0.691,6.675,40.67,normal,0
2025-08-01 09:31:00+03:00,34.26,42.2,0.664,6.849,40.51,normal,0
2025-08-01 09:32:00+03:00,33.91,40.8,0.716,6.863,40.4,normal,0
2025-08-01 09:33:00+03:00,33.8,40.0,0.692,6.881,40.28,normal,0
2025-08-01 09:34:00+03:00,34.17,45.0,0.589,7.04,41.17,normal,0
2025-08-01 09:35:00+03:00,33.31,39.7,0.822,6.881,39.92,normal,0
2025-08-01 09:36:00+03:00,34.1,42.5,0.782,6.797,41.2,normal,0
2025-08-01 09:37:00+03:00,34.32,39.9,0.701,6.726,40.73,normal,0
2025-08-01 09:38:00+03:00,33.7,42.8,0.729,7.169,40.61,normal,0
2025-08-01 09:39:00+03:00,34.54,42.3,0.668,7.129,41.33,normal,0
2025-08-01 09:40:00+03:00,34.36,44.2,0.817,7.093,40.97,normal,0
2025-08-01 09:41:00+03:00,34.19,44.0,0.827,6.987,41.1,normal,0
2025-08-01 09:42:00+03:00,34.56,47.6,0.751,7.202,41.79,normal,0
2025-08-01 09:43:00+03:00,35.11,44.3,0.784,7.102,42.03,normal,0
2025-08-01 09:44:00+03:00,34.54,38.7,0.725,6.919,41.04,normal,0
2025-08-01 09:45:00+03:00,34.61,45.4,0.669,7.363,41.73,normal,0
2025-08-01 09:46:00+03:00,34.45,48.0,0.723,7.306,41.6,normal,0
2025-08-01 09:47:00+03:00,34.39,46.7,0.747,7.129,42.1,normal,0
2025-08-01 09:48:00+03:00,34.95,46.8,0.718,7.348,41.69,normal,0
2025-08-01 09:49:00+03:00,34.5,43.6,0.72,6.992,41.14,normal,0
2025-08-01 09:50:00+03:00,34.84,47.5,0.738,7.272,43.23,normal,0
2025-08-01 09:51:00+03:00,34.73,43.6,0.727,7.315,41.24,normal,0
2025-08-01 09:52:00+03:00,35.07,47.8,0.746,7.492,41.83,normal,0
2025-08-01 09:53:00+03:00,35.08,47.9,0.691,7.398,42.68,normal,0
2025-08-01 09:54:00+03:00,35.35,50.0,0.714,7.309,42.02,normal,0
2025-08-01 09:55:00+03:00,34.94,51.8,0.691,7.64,42.51,normal,0
2025-08-01 09:56:00+03:00,35.06,47.6,0.792,7.515,43.2,normal,0
2025-08-01 09:57:00+03:00,34.91,45.2,0.63,7.156,41.36,normal,0
2025-08-01 09:58:00+03:00,35.12,46.9,0.798,7.517,41.55,normal,0
2025-08-01 09:59:00+03:00,35.42,44.6,0.803,7.37,41.83,normal,0
2025-08-01 10:00:00+03:00,35.59,47.4,0.727,7.594,43.22,normal,0
2025-08-01 10:01:00+03:00,35.14,46.3,0.609,7.324,42.76,normal,0
2025-08-01 10:02:00+03:00,35.73,48.3,0.727,7.486,42.87,normal,0
2025-08-01 10:03:00+03:00,35.94,50.5,0.748,7.742,43.76,normal,0
2025-08-01 10:04:00+03:00,35.71,47.6,0.692,7.423,43.55,normal,0
2025-08-01 10:05:00+03:00,36.2,53.4,0.734,7.629,44.72,normal,0
2025-08-01 10:06:00+03:00,35.46,48.3,0.821,7.331,42.71,normal,0
2025-08-01 10:07:00+03:00,35.37,47.9,0.777,7.41,41.76,normal,0
2025-08-01 10:08:00+03:00,35.27,46.9,0.694,7.12,42.16,normal,0
2025-08-01 10:09:00+03:00,36.3,51.8,0.676,7.587,43.79,normal,0
2025-08-01 10:10:00+03:00,36.11,52.5,0.741,7.814,43.73,normal,0
2025-08-01 10:11:00+03:00,35.95,48.5,0.735,7.081,43.24,normal,0
2025-08-01 10:12:00+03:00,36.1,49.5,0.773,7.7,44.0,normal,0
2025-08-01 10:13:00+03:00,35.73,48.7,0.719,7.59,43.62,normal,0
2025-08-01 10:14:00+03:00,36.86,51.0,0.779,7.491,44.38,normal,0
2025-08-01 10:15:00+03:00,36.22,49.6,0.846,7.558,44.12,normal,0
2025-08-01 10:16:00+03:00,36.27,50.5,0.792,7.53,43.96,normal,0
2025-08-01 10:17:00+03:00,36.5,54.1,0.76,7.93,44.39,normal,0
2025-08-01 10:18:00+03:00,36.48,52.8,0.749,7.815,44.59,normal,0
2025-08-01 10:19:00+03:00,36.46,52.5,0.74,7.44,44.21,normal,0
2025-08-01 10:20:00+03:00,36.21,52.9,0.818,7.762,44.79,normal,0
2025-08-01 10:21:00+03:00,36.64,52.6,0.726,7.625,43.8,normal,0
2025-08-01 10:22:00+03:00,37.12,55.5,0.769,7.842,44.91,normal,0
2025-08-01 10:23:00+03:00,37.01,54.1,0.765,7.637,44.83,normal,0
2025-08-01 10:24:00+03:00,37.14,55.3,0.741,8.08,45.29,normal,0
2025-08-01 10:25:00+03:00,36.56,51.4,0.686,7.74,44.69,normal,0
2025-08-01 10:26:00+03:00,36.47,47.3,0.758,7.227,43.72,normal,0
2025-08-01 10:27:00+03:00,36.78,53.1,0.756,7.486,43.99,normal,0
2025-08-01 10:28:00+03:00,36.89,56.7,0.795,7.844,45.33,normal,0
2025-08-01 10:29:00+03:00,37.25,57.0,0.744,7.985,45.68,normal,0
2025-08-01 10:30:00+03:00,36.47,54.1,0.823,7.782,43.56,normal,0
2025-08-01 10:31:00+03:00,37.49,58.6,0.732,8.204,45.76,normal,0
2025-08-01 10:32:00+03:00,37.03,54.5,0.849,7.888,44.3,normal,0
2025-08-01 10:33:00+03:00,37.0,54.6,0.676,7.921,44.65,normal,0
2025-08-01 10:34:00+03:00,36.88,52.5,0.779,7.699,44.24,normal,0
2025-08-01 10:35:00+03:00,36.74,52.6,0.782,7.448,44.8,normal,0
2025-08-01 10:36:00+03:00,37.53,57.5,0.733,7.921,45.75,normal,0
2025-08-01 10:37:00+03:00,37.36,58.0,0.795,8.139,45.07,normal,0
2025-08-01 10:38:00+03:00,37.0,54.0,0.826,7.732,45.21,normal,0
2025-08-01 10:39:00+03:00,37.05,53.5,0.65,7.785,44.29,normal,0
2025-08-01 10:40:00+03:00,37.39,55.7,0.792,7.794,45.54,normal,0
2025-08-01 10:41:00+03:00,38.05,59.5,0.654,7.916,46.08,normal,0
2025-08-01 10:42:00+03:00,37.52,53.3,0.712,7.679,45.17,normal,0
2025-08-01 10:43:00+03:00,37.2,50.4,0.833,7.57,44.94,normal,0
2025-08-01 10:44:00+03:00,37.63,55.6,0.738,7.738,45.84,normal,0
2025-08-01 10:45:00+03:00,37.67,54.4,0.705,7.729,46.1,normal,0
2025-08-01 10:46:00+03:00,36.99,53.2,0.75,7.551,44.75,normal,0
2025-08-01 10:47:00+03:00,37.83,57.1,0.875,8.094,46.09,normal,0
2025-08-01 10:48:00+03:00,37.83,56.5,0.678,7.846,45.74,normal,0
2025-08-01 10:49:00+03:00,38.16,61.6,0.732,8.414,46.78,normal,0
2025-08-01 10:50:00+03:00,38.56,60.9,0.858,8.383,47.22,normal,0
2025-08-01 10:51:00+03:00,38.39,60.2,0.873,8.1,46.77,normal,0
2025-08-01 10:52:00+03:00,38.02,59.4,0.773,7.913,45.64,normal,0
2025-08-01 10:53:00+03:00,37.82,55.1,0.703,7.493,45.91,normal,0
2025-08-01 10:54:00+03:00,38.98,63.9,0.896,8.113,47.88,normal,0
2025-08-01 10:55:00+03:00,38.27,59.0,0.857,7.834,46.31,normal,0
2025-08-01 10:56:00+03:00,38.31,60.6,0.816,8.343,46.25,normal,0
2025-08-01 10:57:00+03:00,38.34,57.2,0.731,7.949,47.08,normal,0
2025-08-01 10:58:00+03:00,38.46,56.7,0.768,7.96,46.76,normal,0
2025-08-01 10:59:00+03:00,38.41,61.3,0.776,7.845,46.84,normal,0
2025-08-01 11:00:00+03:00,38.33,60.1,0.797,7.926,46.28,normal,0
2025-08-01 11:01:00+03:00,38.39,57.8,0.846,8.101,46.26,normal,0
2025-08-01 11:02:00+03:00,38.59,58.6,0.82,8.059,47.39,normal,0
2025-08-01 11:03:00+03:00,38.48,62.2,0.733,8.21,47.13,normal,0
2025-08-01 11:04:00+03:00,38.48,57.5,0.841,8.035,46.43,normal,0
2025-08-01 11:05:00+03:00,38.78,64.4,0.809,8.609,47.78,normal,0
2025-08-01 11:06:00+03:00,38.72,59.0,0.811,8.007,46.7,normal,0
2025-08-01 11:07:00+03:00,39.29,64.3,0.866,8.368,48.68,normal,0
2025-08-01 11:08:00+03:00,38.09,57.8,0.718,7.997,46.83,normal,0
2025-08-01 11:09:00+03:00,39.26,64.1,0.791,8.705,47.84,normal,0
2025-08-01 11:10:00+03:00,39.36,62.2,0.76,7.917,47.71,normal,0
2025-08-01 11:11:00+03:00,38.41,59.3,0.7,8.16,45.7,normal,0
2025-08-01 11:12:00+03:00,38.98,61.9,0.803,8.197,46.96,normal,0
2025-08-01 11:13:00+03:00,39.02,60.0,0.906,8.185,46.88,normal,0
2025-08-01 11:14:00+03:00,38.75,62.4,0.695,8.145,47.42,normal,0
2025-08-01 11:15:00+03:00,38.99,60.9,0.781,8.147,47.34,normal,0
2025-08-01 11:16:00+03:00,38.94,61.2,0.816,8.279,46.91,normal,0
2025-08-01 11:17:00+03:00,39.84,63.2,0.796,8.759,48.42,normal,0
2025-08-01 11:18:00+03:00,39.64,59.3,0.772,8.179,48.18,normal,0
2025-08-01 11:19:00+03:00,39.79,64.6,0.729,8.249,48.82,normal,0
2025-08-01 11:20:00+03:00,39.67,69.3,0.82,8.594,48.15,normal,0
2025-08-01 11:21:00+03:00,39.16,64.1,0.754,8.278,47.88,normal,0
2025-08-01 11:22:00+03:00,39.39,63.4,0.681,8.035,47.54,normal,0
2025-08-01 11:23:00+03:00,39.74,64.2,0.852,8.302,48.88,normal,0
2025-08-01 11:24:00+03:00,39.27,63.0,0.837,8.39,48.25,normal,0
2025-08-01 11:25:00+03:00,39.9,66.5,0.802,8.299,48.53,normal,0
2025-08-01 11:26:00+03:00,39.66,62.1,0.798,8.383,47.94,normal,0
2025-08-01 11:27:00+03:00,39.67,66.7,0.854,8.575,48.49,normal,0
2025-08-01 11:28:00+03:00,40.04,67.4,0.813,8.434,48.2,normal,0
2025-08-01 11:29:00+03:00,40.0,67.2,0.847,8.511,49.18,normal,0
2025-08-01 11:30:00+03:00,39.81,65.9,0.783,8.694,48.63,normal,0
2025-08-01 11:31:00+03:00,40.31,67.0,0.867,8.63,49.73,normal,0
2025-08-01 11:32:00+03:00,39.68,65.9,0.814,8.455,48.17,normal,0
2025-08-01 11:33:00+03:00,40.23,67.8,0.813,8.532,49.08,normal,0
2025-08-01 11:34:00+03:00,40.27,66.1,0.735,8.477,48.62,normal,0
2025-08-01 11:35:00+03:00,40.04,64.8,0.809,8.311,48.47,normal,0
2025-08-01 11:36:00+03:00,40.28,67.0,0.759,8.204,48.84,normal,0
2025-08-01 11:37:00+03:00,39.85,68.3,0.773,8.904,49.4,normal,0
2025-08-01 11:38:00+03:00,40.55,65.4,0.755,8.447,49.16,normal,0
2025-08-01 11:39:00+03:00,40.26,63.8,0.738,8.388,49.05,normal,0
2025-08-01 11:40:00+03:00,40.2,66.9,0.907,8.505,49.07,normal,0
2025-08-01 11:41:00+03:00,40.71,68.6,0.872,8.506,49.38,normal,0
2025-08-01 11:42:00+03:00,40.23,67.0,0.897,8.492,49.19,normal,0
2025-08-01 11:43:00+03:00,40.06,66.5,0.738,8.25,49.28,normal,0
2025-08-01 11:44:00+03:00,40.06,65.6,0.8,8.778,48.48,normal,0
2025-08-01 11:45:00+03:00,40.75,71.6,0.75,8.611,50.52,normal,0
2025-08-01 11:46:00+03:00,40.23,63.5,0.756,8.155,48.61,normal,0
2025-08-01 11:47:00+03:00,41.18,68.7,0.76,8.556,50.17,normal,0
2025-08-01 11:48:00+03:00,40.07,65.8,0.859,8.641,49.2,normal,0
2025-08-01 11:49:00+03:00,41.25,67.3,0.782,8.54,50.04,normal,0
2025-08-01 11:50:00+03:00,40.85,68.7,0.86,8.437,50.05,normal,0
2025-08-01 11:51:00+03:00,40.8,72.2,0.847,9.02,50.17,normal,0
2025-08-01 11:52:00+03:00,40.7,68.5,0.921,8.72,49.92,normal,0
2025-08-01 11:53:00+03:00,41.03,70.2,0.737,8.793,49.4,normal,0
2025-08-01 11:54:00+03:00,40.94,66.9,0.864,8.621,49.23,normal,0
2025-08-01 11:55:00+03:00,41.32,69.6,0.866,9.035,50.83,normal,0
2025-08-01 11:56:00+03:00,41.06,69.1,0.759,8.974,50.69,normal,0
2025-08-01 11:57:00+03:00,41.12,69.4,0.859,8.561,50.0,normal,0
2025-08-01 11:58:00+03:00,41.0,72.2,0.833,9.076,50.4,normal,0
2025-08-01 11:59:00+03:00,41.14,71.3,0.803,8.835,50.67,normal,0
2025-08-01 12:00:00+03:00,41.28,68.5,0.764,8.685,50.72,normal,0
2025-08-01 12:01:00+03:00,40.72,69.0,0.771,8.386,49.12,normal,0
2025-08-01 12:02:00+03:00,40.87,70.1,0.913,8.68,49.82,normal,0
2025-08-01 12:03:00+03:00,41.53,73.9,0.822,8.812,51.05,normal,0
2025-08-01 12:04:00+03:00,41.4,74.3,0.862,9.082,51.37,normal,0
2025-08-01 12:05:00+03:00,41.34,68.9,0.767,8.795,51.54,normal,0
2025-08-01 12:06:00+03:00,41.44,69.7,0.77,8.371,50.62,normal,0
2025-08-01 12:07:00+03:00,41.57,69.3,0.862,8.655,50.24,normal,0
2025-08-01 12:08:00+03:00,41.35,70.5,0.744,8.898,50.86,normal,0
2025-08-01 12:09:00+03:00,41.31,71.7,0.794,8.774,51.29,normal,0
2025-08-01 12:10:00+03:00,41.64,74.1,0.824,9.055,51.35,normal,0
2025-08-01 12:11:00+03:00,41.33,70.7,0.818,8.795,50.33,normal,0
2025-08-01 12:12:00+03:00,41.78,72.0,0.807,8.871,51.64,normal,0
2025-08-01 12:13:00+03:00,41.19,70.6,0.832,8.695,50.81,normal,0
2025-08-01 12:14:00+03:00,42.05,72.0,0.851,8.638,51.12,normal,0
2025-08-01 12:15:00+03:00,41.92,77.3,0.869,8.97,52.03,normal,0
2025-08-01 12:16:00+03:00,41.89,69.8,0.76,8.794,51.57,normal,0
2025-08-01 12:17:00+03:00,42.14,74.4,0.809,8.967,52.31,normal,0
2025-08-01 12:18:00+03:00,42.38,79.0,0.897,9.219,52.46,normal,0
2025-08-01 12:19:00+03:00,42.23,74.4,0.868,8.9,51.78,normal,0
2025-08-01 12:20:00+03:00,41.41,70.8,0.744,8.702,51.27,normal,0
2025-08-01 12:21:00+03:00,41.61,71.2,0.831,8.929,50.53,normal,0
2025-08-01 12:22:00+03:00,41.84,72.5,0.719,8.8,51.54,normal,0
2025-08-01 12:23:00+03:00,42.07,76.5,0.832,8.889,51.41,normal,0
2025-08-01 12:24:00+03:00,42.26,70.0,0.905,8.812,51.99,normal,0
2025-08-01 12:25:00+03:00,41.92,76.2,0.781,9.041,51.67,normal,0
2025-08-01 12:26:00+03:00,42.23,71.5,0.773,8.795,52.17,normal,0
2025-08-01 12:27:00+03:00,41.98,72.9,0.857,9.115,51.74,normal,0
2025-08-01 12:28:00+03:00,42.06,72.8,0.741,8.865,51.12,normal,0
2025-08-01 12:29:00+03:00,41.86,74.1,0.791,8.989,52.1,normal,0
2025-08-01 12:30:00+03:00,42.04,70.4,0.841,8.547,52.0,normal,0
2025-08-01 12:31:00+03:00,41.94,74.2,0.791,8.919,51.97,normal,0
2025-08-01 12:32:00+03:00,42.09,77.9,0.822,9.265,51.8,normal,0
2025-08-01 12:33:00+03:00,42.73,73.5,0.858,8.677,52.22,normal,0
2025-08-01 12:34:00+03:00,42.17,74.5,0.845,9.0,51.93,normal,0
2025-08-01 12:35:00+03:00,43.27,77.0,0.844,9.135,52.92,normal,0
2025-08-01 12:36:00+03:00,42.67,76.9,0.814,9.12,53.27,normal,0
2025-08-01 12:37:00+03:00,42.61,75.8,0.846,9.204,52.49,normal,0
2025-08-01 12:38:00+03:00,42.33,73.4,0.814,8.954,50.85,normal,0
2025-08-01 12:39:00+03:00,42.83,77.6,0.856,9.378,52.95,normal,0
2025-08-01 12:40:00+03:00,42.48,78.9,0.812,9.085,52.44,normal,0
2025-08-01 12:41:00+03:00,42.72,75.8,0.818,9.068,52.51,normal,0
2025-08-01 12:42:00+03:00,43.48,80.6,0.792,9.349,53.59,normal,0
2025-08-01 12:43:00+03:00,42.72,73.6,0.819,8.756,52.67,normal,0
2025-08-01 12:44:00+03:00,43.12,75.9,0.787,9.197,53.4,normal,0
2025-08-01 12:45:00+03:00,42.6,76.7,0.774,9.451,52.62,normal,0
2025-08-01 12:46:00+03:00,42.83,79.6,0.852,9.273,52.86,normal,0
2025-08-01 12:47:00+03:00,43.4,79.6,0.849,9.352,53.55,normal,0
2025-08-01 12:48:00+03:00,42.71,75.6,0.866,9.049,52.52,normal,0
2025-08-01 12:49:00+03:00,43.48,79.2,0.816,9.145,53.29,normal,0
2025-08-01 12:50:00+03:00,43.18,75.5,0.847,8.757,53.21,normal,0
2025-08-01 12:51:00+03:00,42.83,77.9,0.861,9.068,53.03,normal,0
2025-08-01 12:52:00+03:00,43.21,79.9,0.862,9.085,54.02,normal,0
2025-08-01 12:53:00+03:00,43.35,77.7,0.792,9.418,53.85,normal,0
2025-08-01 12:54:00+03:00,43.27,77.4,0.84,9.127,52.96,normal,0
2025-08-01 12:55:00+03:00,42.64,76.5,0.848,9.038,52.85,normal,0
2025-08-01 12:56:00+03:00,42.93,76.2,0.829,9.205,52.41,normal,0
2025-08-01 12:57:00+03:00,43.1,77.6,0.728,8.988,53.36,normal,0
2025-08-01 12:58:00+03:00,43.18,82.2,0.855,9.317,53.37,normal,0
2025-08-01 12:59:00+03:00,43.42,78.4,0.946,9.214,53.07,normal,0
2025-08-01 13:00:00+03:00,43.31,77.8,0.815,9.322,53.42,normal,0
2025-08-01 13:01:00+03:00,42.89,75.6,0.79,9.111,51.62,normal,0
2025-08-01 13:02:00+03:00,43.43,80.4,0.86,9.361,52.97,normal,0
2025-08-01 13:03:00+03:00,43.53,79.0,0.853,9.252,53.57,normal,0
2025-08-01 13:04:00+03:00,43.54,78.1,0.894,9.246,53.6,normal,0
2025-08-01 13:05:00+03:00,43.72,82.7,0.785,9.492,54.02,normal,0
2025-08-01 13:06:00+03:00,43.67,82.7,0.885,9.308,53.48,normal,0
2025-08-01 13:07:00+03:00,43.59,78.4,0.865,9.211,53.32,normal,0
2025-08-01 13:08:00+03:00,43.46,75.3,0.819,8.857,53.39,normal,0
2025-08-01 13:09:00+03:00,43.01,79.4,0.855,9.276,53.39,normal,0
2025-08-01 13:10:00+03:00,43.66,78.5,0.887,9.138,53.72,normal,0
2025-08-01 13:11:00+03:00,43.62,81.3,0.888,9.759,54.4,normal,0
2025-08-01 13:12:00+03:00,43.66,75.9,0.771,9.048,53.65,normal,0
2025-08-01 13:13:00+03:00,43.23,80.0,0.881,9.089,53.13,normal,0
2025-08-01 13:14:00+03:00,43.31,76.1,0.825,9.046,53.05,normal,0
2025-08-01 13:15:00+03:00,43.98,82.5,0.851,9.528,53.84,normal,0
2025-08-01 13:16:00+03:00,43.67,79.9,0.843,9.545,53.82,normal,0
2025-08-01 13:17:00+03:00,43.91,78.9,0.829,9.146,54.46,normal,0
2025-08-01 13:18:00+03:00,43.74,79.3,0.897,9.021,54.15,normal,0
2025-08-01 13:19:00+03:00,43.77,81.6,0.841,9.519,54.67,normal,0
2025-08-01 13:20:00+03:00,44.06,81.6,0.789,9.189,54.28,normal,0
2025-08-01 13:21:00+03:00,43.65,81.0,0.823,9.295,54.48,normal,0
2025-08-01 13:22:00+03:00,43.86,84.6,0.863,9.537,54.4,normal,0
2025-08-01 13:23:00+03:00,43.71,76.9,0.892,9.104,54.22,normal,0
2025-08-01 13:24:00+03:00,43.75,83.4,0.88,9.607,54.25,normal,0
2025-08-01 13:25:00+03:00,43.81,80.6,0.799,9.233,54.35,normal,0
2025-08-01 13:26:00+03:00,43.99,79.3,0.962,9.217,54.72,normal,0
2025-08-01 13:27:00+03:00,43.8,77.7,0.846,9.16,53.72,normal,0
2025-08-01 13:28:00+03:00,44.34,82.1,0.91,9.448,54.82,normal,0
2025-08-01 13:29:00+03:00,43.72,81.9,0.838,9.429,54.61,normal,0
2025-08-01 13:30:00+03:00,43.95,80.7,0.869,9.407,54.16,degrading,1
2025-08-01 13:31:00+03:00,43.9,83.8,0.895,9.656,53.92,degrading,1
2025-08-01 13:32:00+03:00,44.49,80.1,0.904,9.369,55.56,degrading,1
2025-08-01 13:33:00+03:00,44.13,81.6,0.902,9.47,54.3,degrading,1
2025-08-01 13:34:00+03:00,44.4,80.2,0.89,9.082,54.7,degrading,1
2025-08-01 13:35:00+03:00,43.67,80.6,0.833,9.353,54.41,degrading,1
2025-08-01 13:36:00+03:00,44.22,83.8,0.831,9.611,54.54,degrading,1
2025-08-01 13:37:00+03:00,44.42,81.9,0.872,9.537,54.42,degrading,1
2025-08-01 13:38:00+03:00,44.2,76.7,0.888,9.013,54.24,degrading,1
2025-08-01 13:39:00+03:00,44.52,83.6,0.853,9.434,54.36,degrading,1
2025-08-01 13:40:00+03:00,44.06,82.3,0.914,9.371,54.39,degrading,1
2025-08-01 13:41:00+03:00,44.66,84.5,0.942,9.671,55.41,degrading,1
2025-08-01 13:42:00+03:00,44.94,87.2,0.833,9.91,55.73,degrading,1
2025-08-01 13:43:00+03:00,44.16,79.6,0.816,9.24,53.76,degrading,1
2025-08-01 13:44:00+03:00,44.16,83.1,0.862,9.649,55.33,degrading,1
2025-08-01 13:45:00+03:00,44.75,86.4,0.896,9.731,55.63,degrading,1
2025-08-01 13:46:00+03:00,44.8,80.7,0.839,9.354,55.7,degrading,1
2025-08-01 13:47:00+03:00,44.19,82.5,0.939,9.451,54.58,degrading,1
2025-08-01 13:48:00+03:00,44.24,81.1,0.89,9.512,54.26,degrading,1
2025-08-01 13:49:00+03:00,44.3,82.1,0.875,9.511,54.87,degrading,1
2025-08-01 13:50:00+03:00,43.99,81.8,0.802,9.788,54.35,degrading,1
2025-08-01 13:51:00+03:00,44.14,80.7,0.806,9.254,54.02,degrading,1
2025-08-01 13:52:00+03:00,44.13,80.3,0.886,9.438,55.03,degrading,1
2025-08-01 13:53:00+03:00,44.22,82.1,0.773,9.39,54.45,degrading,1
2025-08-01 13:54:00+03:00,44.45,80.7,0.927,9.257,54.07,degrading,1
2025-08-01 13:55:00+03:00,44.55,81.1,0.871,9.412,55.48,degrading,1
2025-08-01 13:56:00+03:00,44.96,86.2,1.058,9.742,55.62,degrading,1
2025-08-01 13:57:00+03:00,44.21,79.7,0.993,9.771,54.25,degrading,1
2025-08-01 13:58:00+03:00,44.82,85.6,0.888,9.662,54.93,degrading,1
2025-08-01 13:59:00+03:00,44.48,83.9,0.888,9.42,55.84,degrading,1
2025-08-01 14:00:00+03:00,44.54,89.8,0.962,9.986,55.23,degrading,1
2025-08-01 14:01:00+03:00,44.77,92.8,1.008,9.816,56.27,degrading,1
2025-08-01 14:02:00+03:00,44.25,94.5,0.847,10.217,56.25,degrading,1
2025-08-01 14:03:00+03:00,44.71,91.9,0.834,10.079,56.28,degrading,1
2025-08-01 14:04:00+03:00,44.66,92.8,0.896,10.252,56.12,degrading,1
2025-08-01 14:05:00+03:00,44.78,95.1,0.965,10.419,55.8,degrading,1
2025-08-01 14:06:00+03:00,44.73,95.5,0.963,10.223,56.14,degrading,1
2025-08-01 14:07:00+03:00,45.39,94.5,0.99,10.218,57.12,degrading,1
2025-08-01 14:08:00+03:00,44.48,91.8,0.87,9.966,55.58,degrading,1
2025-08-01 14:09:00+03:00,44.52,96.0,0.828,10.165,56.4,degrading,1
2025-08-01 14:10:00+03:00,44.5,96.6,0.99,10.419,56.63,degrading,1
2025-08-01 14:11:00+03:00,44.54,95.2,0.903,10.099,56.66,degrading,1
2025-08-01 14:12:00+03:00,44.52,93.3,0.839,10.116,55.59,degrading,1
2025-08-01 14:13:00+03:00,45.08,93.4,0.949,10.037,57.54,degrading,1
2025-08-01 14:14:00+03:00,45.17,93.3,0.983,10.264,57.05,degrading,1
2025-08-01 14:15:00+03:00,44.58,94.4,0.941,10.52,56.25,degrading,1
2025-08-01 14:16:00+03:00,44.51,94.0,0.925,10.033,56.59,degrading,1
2025-08-01 14:17:00+03:00,44.91,97.5,0.952,10.162,57.82,degrading,1
2025-08-01 14:18:00+03:00,44.62,94.8,0.935,10.261,55.77,degrading,1
2025-08-01 14:19:00+03:00,44.98,91.9,0.878,10.11,56.36,degrading,1
2025-08-01 14:20:00+03:00,44.86,96.6,0.926,10.424,55.8,degrading,1
2025-08-01 14:21:00+03:00,44.36,90.5,0.971,9.96,55.78,degrading,1
2025-08-01 14:22:00+03:00,45.29,94.2,0.973,10.221,57.12,degrading,1
2025-08-01 14:23:00+03:00,45.37,95.5,0.971,10.386,57.16,degrading,1
2025-08-01 14:24:00+03:00,44.66,97.7,0.921,10.621,56.41,degrading,1
2025-08-01 14:25:00+03:00,44.73,100.0,0.97,10.312,56.13,degrading,1
2025-08-01 14:26:00+03:00,44.94,96.0,0.859,10.311,56.95,degrading,1
2025-08-01 14:27:00+03:00,44.97,94.5,0.974,10.311,57.28,degrading,1
2025-08-01 14:28:00+03:00,45.07,96.1,1.043,10.239,56.71,degrading,1
2025-08-01 14:29:00+03:00,45.48,96.8,0.901,10.68,57.6,degrading,1
2025-08-01 14:30:00+03:00,44.84,93.7,0.938,10.141,55.88,degrading,1
2025-08-01 14:31:00+03:00,44.66,97.3,0.996,10.448,56.84,degrading,1
2025-08-01 14:32:00+03:00,44.49,93.5,1.032,10.312,55.99,degrading,1
2025-08-01 14:33:00+03:00,44.69,94.8,0.952,10.219,56.17,degrading,1
2025-08-01 14:34:00+03:00,44.91,96.0,0.945,10.105,56.5,degrading,1
2025-08-01 14:35:00+03:00,45.46,95.8,0.882,10.308,57.18,degrading,1
2025-08-01 14:36:00+03:00,44.77,95.8,0.987,10.528,56.81,degrading,1
2025-08-01 14:37:00+03:00,45.0,93.8,1.079,10.205,56.18,degrading,1
2025-08-01 14:38:00+03:00,44.94,93.7,0.992,10.125,56.48,degrading,1
2025-08-01 14:39:00+03:00,45.3,92.8,0.976,10.338,56.91,degrading,1
2025-08-01 14:40:00+03:00,45.71,95.9,1.004,10.338,57.18,degrading,1
2025-08-01 14:41:00+03:00,44.8,95.8,0.988,10.307,57.42,degrading,1
2025-08-01 14:42:00+03:00,44.81,95.2,0.948,10.372,56.32,degrading,1
2025-08-01 14:43:00+03:00,45.28,98.3,1.041,10.653,57.15,degrading,1
2025-08-01 14:44:00+03:00,45.17,95.0,1.002,10.698,56.62,degrading,1
2025-08-01 14:45:00+03:00,45.53,96.3,0.997,10.545,58.21,degrading,1
2025-08-01 14:46:00+03:00,45.15,92.8,0.938,10.387,57.03,degrading,1
2025-08-01 14:47:00+03:00,44.87,93.7,1.056,10.193,56.23,degrading,1
2025-08-01 14:48:00+03:00,45.16,96.4,1.034,10.279,57.59,degrading,1
2025-08-01 14:49:00+03:00,45.32,96.7,0.975,10.462,57.42,degrading,1
2025-08-01 14:50:00+03:00,45.23,94.4,1.048,10.333,57.15,degrading,1
2025-08-01 14:51:00+03:00,45.14,94.9,0.976,10.187,56.87,degrading,1
2025-08-01 14:52:00+03:00,45.31,92.0,0.954,10.15,56.62,degrading,1
2025-08-01 14:53:00+03:00,45.34,94.3,0.964,10.376,57.29,degrading,1
2025-08-01 14:54:00+03:00,45.41,96.8,0.922,10.522,57.24,degrading,1
2025-08-01 14:55:00+03:00,45.19,96.2,1.034,10.51,57.91,degrading,1
2025-08-01 14:56:00+03:00,44.95,95.8,0.919,10.456,56.41,degrading,1
2025-08-01 14:57:00+03:00,45.04,95.1,0.948,10.296,57.56,degrading,1
2025-08-01 14:58:00+03:00,45.36,95.0,0.907,10.291,57.22,degrading,1
2025-08-01 14:59:00+03:00,44.75,92.7,1.001,10.052,56.57,degrading,1
2025-08-01 15:00:00+03:00,45.11,96.4,1.01,10.723,57.48,degrading,1
2025-08-01 15:01:00+03:00,44.88,95.4,1.0,10.4,56.58,degrading,1
2025-08-01 15:02:00+03:00,45.01,96.0,0.968,10.402,57.36,degrading,1
2025-08-01 15:03:00+03:00,45.38,93.9,0.956,10.172,56.12,degrading,1
2025-08-01 15:04:00+03:00,45.06,90.7,1.03,10.562,56.31,degrading,1
2025-08-01 15:05:00+03:00,45.01,97.2,1.0,10.352,56.77,degrading,1
2025-08-01 15:06:00+03:00,44.59,92.5,1.031,10.169,55.8,degrading,1
2025-08-01 15:07:00+03:00,45.22,93.3,0.974,10.345,56.92,degrading,1
2025-08-01 15:08:00+03:00,45.19,96.4,1.038,10.561,57.41,degrading,1
2025-08-01 15:09:00+03:00,45.64,94.2,1.089,10.485,57.79,degrading,1
2025-08-01 15:10:00+03:00,44.9,96.7,1.062,10.764,57.1,degrading,1
2025-08-01 15:11:00+03:00,45.05,96.2,1.012,10.541,56.84,degrading,1
2025-08-01 15:12:00+03:00,45.06,96.4,1.048,10.32,57.29,degrading,1
2025-08-01 15:13:00+03:00,45.45,92.3,1.012,10.196,57.22,degrading,1
2025-08-01 15:14:00+03:00,44.95,97.2,1.041,10.577,57.49,degrading,1
2025-08-01 15:15:00+03:00,45.06,95.5,1.02,10.741,57.38,degrading,1
2025-08-01 15:16:00+03:00,45.15,94.3,1.026,10.151,57.07,degrading,1
2025-08-01 15:17:00+03:00,45.02,95.3,1.05,10.603,56.66,degrading,1
2025-08-01 15:18:00+03:00,44.83,90.8,0.977,10.181,56.17,degrading,1
2025-08-01 15:19:00+03:00,45.01,95.8,0.993,10.582,56.85,degrading,1
2025-08-01 15:20:00+03:00,45.27,92.9,0.967,10.269,56.94,degrading,1
2025-08-01 15:21:00+03:00,44.64,90.9,0.952,10.039,56.37,degrading,1
2025-08-01 15:22:00+03:00,44.98,91.9,0.975,10.34,56.98,degrading,1
2025-08-01 15:23:00+03:00,44.72,96.1,1.058,10.58,56.8,degrading,1
2025-08-01 15:24:00+03:00,45.29,93.7,1.0,10.485,57.18,degrading,1
2025-08-01 15:25:00+03:00,44.47,96.0,1.078,10.477,56.62,degrading,1
2025-08-01 15:26:00+03:00,44.75,93.0,1.047,10.211,56.37,degrading,1
2025-08-01 15:27:00+03:00,45.02,91.6,0.944,9.985,56.36,degrading,1
2025-08-01 15:28:00+03:00,45.37,92.8,1.08,10.416,56.49,degrading,1
2025-08-01 15:29:00+03:00,44.88,97.0,1.102,10.611,56.8,degrading,1
2025-08-01 15:30:00+03:00,44.72,93.6,1.003,10.2,56.81,degrading,1
2025-08-01 15:31:00+03:00,45.45,93.9,1.076,10.284,57.1,degrading,1
2025-08-01 15:32:00+03:00,44.44,93.2,1.011,10.255,56.22,degrading,1
2025-08-01 15:33:00+03:00,44.21,93.0,1.06,10.092,56.26,degrading,1
2025-08-01 15:34:00+03:00,44.99,97.2,1.006,10.446,57.44,degrading,1
2025-08-01 15:35:00+03:00,44.7,96.7,0.979,10.37,56.47,degrading,1
2025-08-01 15:36:00+03:00,44.53,92.5,1.039,10.229,56.75,degrading,1
2025-08-01 15:37:00+03:00,45.04,92.3,1.052,10.169,57.3,degrading,1
2025-08-01 15:38:00+03:00,44.89,93.7,1.044,10.122,56.38,degrading,1
2025-08-01 15:39:00+03:00,44.64,94.1,1.008,10.695,56.29,degrading,1
2025-08-01 15:40:00+03:00,44.42,90.8,1.038,10.384,56.59,degrading,1
2025-08-01 15:41:00+03:00,45.05,93.1,1.08,10.219,56.89,degrading,1
2025-08-01 15:42:00+03:00,44.98,95.6,1.073,10.529,56.22,degrading,1
2025-08-01 15:43:00+03:00,44.74,93.9,1.081,10.45,56.16,degrading,1
2025-08-01 15:44:00+03:00,45.32,95.1,1.044,10.64,57.31,degrading,1
2025-08-01 15:45:00+03:00,44.43,91.3,1.126,10.113,55.72,degrading,1
2025-08-01 15:46:00+03:00,44.28,91.8,1.011,10.431,55.92,degrading,1
2025-08-01 15:47:00+03:00,44.52,91.3,1.094,10.157,56.29,degrading,1
2025-08-01 15:48:00+03:00,44.7,95.6,1.143,10.299,57.44,degrading,1
2025-08-01 15:49:00+03:00,44.78,96.2,1.112,10.646,56.87,degrading,1
2025-08-01 15:50:00+03:00,44.62,89.8,1.06,10.349,56.69,degrading,1
2025-08-01 15:51:00+03:00,44.79,92.3,1.052,10.695,57.23,degrading,1
2025-08-01 15:52:00+03:00,44.29,89.3,1.123,9.949,56.47,degrading,1
2025-08-01 15:53:00+03:00,45.09,93.7,1.015,10.5,57.21,degrading,1
2025-08-01 15:54:00+03:00,44.62,93.4,1.038,10.317,55.81,degrading,1
2025-08-01 15:55:00+03:00,44.96,91.9,1.063,10.408,56.99,degrading,1
2025-08-01 15:56:00+03:00,44.72,92.1,1.147,10.084,57.01,degrading,1
2025-08-01 15:57:00+03:00,44.74,92.0,1.105,10.111,56.57,degrading,1
2025-08-01 15:58:00+03:00,44.76,94.5,1.047,10.336,57.55,degrading,1
2025-08-01 15:59:00+03:00,44.71,94.0,1.08,10.436,57.11,degrading,1
2025-08-01 16:00:00+03:00,44.75,92.6,1.062,10.246,56.91,degrading,1
2025-08-01 16:01:00+03:00,44.94,95.1,1.066,10.593,57.53,degrading,1
2025-08-01 16:02:00+03:00,44.59,92.3,1.143,10.482,56.63,degrading,1
2025-08-01 16:03:00+03:00,44.72,93.4,1.031,10.486,55.74,degrading,1
2025-08-01 16:04:00+03:00,44.47,96.3,1.19,10.815,56.55,degrading,1
2025-08-01 16:05:00+03:00,44.91,97.3,1.155,10.696,57.76,degrading,1
2025-08-01 16:06:00+03:00,44.26,89.6,1.147,9.991,55.62,degrading,1
2025-08-01 16:07:00+03:00,44.99,96.6,1.091,10.8,57.22,degrading,1
2025-08-01 16:08:00+03:00,44.42,94.4,1.102,10.375,56.13,degrading,1
2025-08-01 16:09:00+03:00,43.99,88.8,1.022,10.268,56.33,degrading,1
2025-08-01 16:10:00+03:00,44.44,94.5,1.086,10.711,57.25,degrading,1
2025-08-01 16:11:00+03:00,44.18,94.9,1.14,10.57,56.01,degrading,1
2025-08-01 16:12:00+03:00,44.62,91.3,1.17,10.063,56.54,degrading,1
2025-08-01 16:13:00+03:00,44.15,89.9,1.048,10.067,55.62,degrading,1
2025-08-01 16:14:00+03:00,44.19,93.9,1.098,10.645,56.54,degrading,1
2025-08-01 16:15:00+03:00,43.74,90.7,1.101,10.231,55.76,degrading,1
2025-08-01 16:16:00+03:00,44.16,92.9,1.046,10.403,56.51,degrading,1
2025-08-01 16:17:00+03:00,43.55,90.1,1.139,10.338,55.46,degrading,1
2025-08-01 16:18:00+03:00,43.78,91.1,1.077,10.391,56.82,degrading,1
2025-08-01 16:19:00+03:00,44.46,90.3,1.103,10.282,55.85,degrading,1
2025-08-01 16:20:00+03:00,44.45,95.0,1.106,10.493,55.99,degrading,1
2025-08-01 16:21:00+03:00,44.32,94.7,1.089,10.461,56.37,degrading,1
2025-08-01 16:22:00+03:00,43.89,90.3,1.117,10.375,55.07,degrading,1
2025-08-01 16:23:00+03:00,44.14,91.6,1.112,10.409,55.47,degrading,1
2025-08-01 16:24:00+03:00,44.14,88.6,1.096,10.109,55.41,degrading,1
2025-08-01 16:25:00+03:00,43.77,91.3,1.088,10.474,55.31,degrading,1
2025-08-01 16:26:00+03:00,44.55,94.4,1.151,10.48,56.36,degrading,1
2025-08-01 16:27:00+03:00,44.34,92.3,1.213,10.248,56.56,degrading,1
2025-08-01 16:28:00+03:00,43.99,93.4,1.142,10.33,55.9,degrading,1
2025-08-01 16:29:00+03:00,44.04,90.6,1.178,10.131,55.83,degrading,1
2025-08-01 16:30:00+03:00,44.07,92.6,1.066,10.359,56.48,degrading,1
2025-08-01 16:31:00+03:00,43.38,86.7,1.127,10.232,54.6,degrading,1
2025-08-01 16:32:00+03:00,43.89,90.7,1.078,10.168,55.67,degrading,1
2025-08-01 16:33:00+03:00,43.74,89.8,1.057,10.265,55.7,degrading,1
2025-08-01 16:34:00+03:00,43.62,90.1,1.097,10.159,54.68,degrading,1
2025-08-01 16:35:00+03:00,43.81,89.7,1.193,10.196,54.66,degrading,1
2025-08-01 16:36:00+03:00,44.42,92.5,1.191,10.178,56.62,degrading,1
2025-08-01 16:37:00+03:00,44.05,93.0,1.159,10.404,56.36,degrading,1
2025-08-01 16:38:00+03:00,43.66,89.0,1.059,10.17,56.24,degrading,1
2025-08-01 16:39:00+03:00,43.98,87.9,1.124,10.216,55.71,degrading,1
2025-08-01 16:40:00+03:00,44.2,95.4,1.173,10.62,56.87,degrading,1
2025-08-01 16:41:00+03:00,44.04,94.1,1.164,10.331,56.19,degrading,1
2025-08-01 16:42:00+03:00,43.75,87.6,1.045,10.285,55.52,degrading,1
2025-08-01 16:43:00+03:00,43.51,90.6,1.103,10.336,56.1,degrading,1
2025-08-01 16:44:00+03:00,43.89,89.7,1.143,10.282,54.88,degrading,1
2025-08-01 16:45:00+03:00,43.78,90.8,1.178,10.319,55.89,degrading,1
2025-08-01 16:46:00+03:00,43.9,91.4,1.045,10.28,56.76,degrading,1
2025-08-01 16:47:00+03:00,43.8,89.9,1.143,10.303,55.79,degrading,1
2025-08-01 16:48:00+03:00,43.9,89.2,1.158,10.301,56.38,degrading,1
2025-08-01 16:49:00+03:00,43.4,87.5,1.19,9.868,54.81,degrading,1
2025-08-01 16:50:00+03:00,43.93,89.1,1.188,10.147,55.73,degrading,1
2025-08-01 16:51:00+03:00,43.56,87.8,1.18,10.113,55.27,degrading,1
2025-08-01 16:52:00+03:00,44.1,91.4,1.123,10.408,55.24,degrading,1
2025-08-01 16:53:00+03:00,43.24,86.8,1.055,10.274,54.39,degrading,1
2025-08-01 16:54:00+03:00,43.95,92.3,1.149,10.311,55.63,degrading,1
2025-08-01 16:55:00+03:00,43.46,92.1,1.22,10.342,55.89,degrading,1
2025-08-01 16:56:00+03:00,43.17,86.8,1.225,10.024,55.15,degrading,1
2025-08-01 16:57:00+03:00,43.2,88.6,1.198,10.091,55.13,degrading,1
2025-08-01 16:58:00+03:00,43.22,89.2,1.187,10.197,55.4,degrading,1
2025-08-01 16:59:00+03:00,43.41,89.8,1.187,10.402,55.26,degrading,1
2025-08-01 17:00:00+03:00,43.42,89.1,1.14,10.089,55.75,degrading,1
2025-08-01 17:01:00+03:00,43.06,89.0,1.162,10.307,54.91,degrading,1
2025-08-01 17:02:00+03:00,43.19,89.0,1.254,9.989,55.07,degrading,1
2025-08-01 17:03:00+03:00,43.81,87.9,1.121,10.096,55.46,degrading,1
2025-08-01 17:04:00+03:00,43.66,91.6,1.262,10.355,56.03,degrading,1
2025-08-01 17:05:00+03:00,43.24,90.0,1.162,10.561,55.03,degrading,1
2025-08-01 17:06:00+03:00,43.1,86.2,1.234,10.043,55.11,degrading,1
2025-08-01 17:07:00+03:00,43.09,87.7,1.103,9.846,54.39,degrading,1
2025-08-01 17:08:00+03:00,43.21,89.5,1.21,9.986,54.69,degrading,1
2025-08-01 17:09:00+03:00,42.69,85.7,1.134,10.065,54.55,degrading,1
2025-08-01 17:10:00+03:00,42.89,89.0,1.111,10.352,54.74,degrading,1
2025-08-01 17:11:00+03:00,42.43,89.8,1.197,10.366,54.21,degrading,1
2025-08-01 17:12:00+03:00,43.02,85.8,1.226,10.097,54.98,degrading,1
2025-08-01 17:13:00+03:00,43.07,84.8,1.131,10.188,54.35,degrading,1
2025-08-01 17:14:00+03:00,42.7,86.8,1.106,10.054,54.32,degrading,1
2025-08-01 17:15:00+03:00,43.28,89.8,1.187,10.451,55.82,degrading,1
2025-08-01 17:16:00+03:00,42.41,84.6,1.173,9.762,54.54,degrading,1
2025-08-01 17:17:00+03:00,42.31,87.6,1.215,10.053,54.73,degrading,1
2025-08-01 17:18:00+03:00,42.78,83.8,1.225,9.692,54.12,degrading,1
2025-08-01 17:19:00+03:00,43.0,88.7,1.191,10.218,55.39,degrading,1
2025-08-01 17:20:00+03:00,43.15,86.7,1.282,10.134,54.49,degrading,1
2025-08-01 17:21:00+03:00,42.48,88.7,1.208,10.28,54.02,degrading,1
2025-08-01 17:22:00+03:00,42.91,90.9,1.187,10.406,54.07,degrading,1
2025-08-01 17:23:00+03:00,42.54,84.0,1.105,9.845,54.7,degrading,1
2025-08-01 17:24:00+03:00,42.47,84.2,1.174,9.97,53.63,degrading,1
2025-08-01 17:25:00+03:00,42.75,88.1,1.184,10.01,54.56,degrading,1
2025-08-01 17:26:00+03:00,42.65,85.2,1.241,10.267,53.89,degrading,1
2025-08-01 17:27:00+03:00,41.94,83.1,1.212,9.893,53.64,degrading,1
2025-08-01 17:28:00+03:00,42.83,86.7,1.142,10.083,54.43,degrading,1
2025-08-01 17:29:00+03:00,42.76,82.5,1.198,10.144,53.61,degrading,1
2025-08-01 17:30:00+03:00,42.13,83.9,1.229,9.806,53.81,degrading,1
2025-08-01 17:31:00+03:00,42.4,83.6,1.272,9.807,53.31,degrading,1
2025-08-01 17:32:00+03:00,42.39,84.0,1.243,9.837,53.58,degrading,1
2025-08-01 17:33:00+03:00,42.29,87.5,1.248,10.203,53.29,degrading,1
2025-08-01 17:34:00+03:00,42.01,81.0,1.195,9.89,52.7,degrading,1
2025-08-01 17:35:00+03:00,41.94,84.9,1.225,10.172,53.63,degrading,1
2025-08-01 17:36:00+03:00,42.1,83.3,1.264,10.353,52.79,degrading,1
2025-08-01 17:37:00+03:00,42.42,84.5,1.14,9.704,53.41,degrading,1
2025-08-01 17:38:00+03:00,42.19,85.8,1.195,10.212,53.9,degrading,1
2025-08-01 17:39:00+03:00,41.88,83.7,1.169,9.913,53.19,degrading,1
2025-08-01 17:40:00+03:00,42.19,85.3,1.233,10.007,54.66,degrading,1
2025-08-01 17:41:00+03:00,41.07,81.8,1.266,9.794,53.16,degrading,1
2025-08-01 17:42:00+03:00,42.23,83.7,1.182,9.866,53.42,degrading,1
2025-08-01 17:43:00+03:00,41.33,79.7,1.082,10.017,52.73,degrading,1
2025-08-01 17:44:00+03:00,41.7,80.1,1.183,9.917,53.22,degrading,1
2025-08-01 17:45:00+03:00,41.44,79.7,1.25,9.772,52.39,degrading,1
2025-08-01 17:46:00+03:00,41.35,86.9,1.254,10.405,52.59,degrading,1
2025-08-01 17:47:00+03:00,42.05,86.1,1.247,9.929,53.82,degrading,1
2025-08-01 17:48:00+03:00,41.52,78.9,1.192,9.527,52.58,degrading,1
2025-08-01 17:49:00+03:00,41.73,79.8,1.146,9.455,52.77,degrading,1
2025-08-01 17:50:00+03:00,41.57,82.8,1.246,9.859,53.23,degrading,1
2025-08-01 17:51:00+03:00,41.69,83.4,1.182,10.026,52.93,degrading,1
2025-08-01 17:52:00+03:00,41.53,82.8,1.332,9.983,52.56,degrading,1
2025-08-01 17:53:00+03:00,41.08,79.4,1.243,9.788,52.31,degrading,1
2025-08-01 17:54:00+03:00,41.73,82.2,1.195,9.724,53.33,degrading,1
2025-08-01 17:55:00+03:00,41.24,81.2,1.192,9.998,52.13,degrading,1
2025-08-01 17:56:00+03:00,40.88,79.3,1.214,9.801,52.45,degrading,1
2025-08-01 17:57:00+03:00,41.18,75.9,1.198,9.673,51.36,degrading,1
2025-08-01 17:58:00+03:00,41.72,81.9,1.285,9.641,52.92,degrading,1
2025-08-01 17:59:00+03:00,41.49,79.8,1.234,9.848,52.64,degrading,1
2025-08-01 18:00:00+03:00,41.09,70.3,1.161,9.055,51.24,degrading,1
2025-08-01 18:01:00+03:00,41.05,75.8,1.31,9.505,51.72,degrading,1
2025-08-01 18:02:00+03:00,41.02,70.4,1.203,9.323,52.19,degrading,1
2025-08-01 18:03:00+03:00,41.69,71.6,1.244,9.33,51.88,degrading,1
2025-08-01 18:04:00+03:00,41.15,72.0,1.178,9.215,52.7,degrading,1
2025-08-01 18:05:00+03:00,41.12,71.0,1.225,9.286,51.78,degrading,1
2025-08-01 18:06:00+03:00,41.26,71.5,1.225,9.087,51.83,degrading,1
2025-08-01 18:07:00+03:00,40.98,70.8,1.114,9.449,51.64,degrading,1
2025-08-01 18:08:00+03:00,40.79,72.9,1.317,9.374,52.47,degrading,1
2025-08-01 18:09:00+03:00,40.77,66.5,1.263,9.19,50.47,degrading,1
2025-08-01 18:10:00+03:00,40.76,69.6,1.19,9.131,50.69,degrading,1
2025-08-01 18:11:00+03:00,40.73,66.7,1.147,8.96,50.55,degrading,1
2025-08-01 18:12:00+03:00,40.92,70.4,1.232,9.147,51.39,degrading,1
2025-08-01 18:13:00+03:00,40.67,66.5,1.209,9.161,50.09,degrading,1
2025-08-01 18:14:00+03:00,40.83,68.1,1.228,9.021,51.1,degrading,1
2025-08-01 18:15:00+03:00,40.55,67.3,1.219,9.178,51.42,degrading,1
2025-08-01 18:16:00+03:00,40.55,69.8,1.244,9.176,51.03,degrading,1
2025-08-01 18:17:00+03:00,39.89,67.2,1.285,8.783,49.96,degrading,1
2025-08-01 18:18:00+03:00,40.72,66.0,1.238,8.924,50.56,degrading,1
2025-08-01 18:19:00+03:00,40.5,67.8,1.164,8.942,51.11,degrading,1
2025-08-01 18:20:00+03:00,40.66,66.9,1.284,9.072,50.5,degrading,1
2025-08-01 18:21:00+03:00,39.44,61.1,1.282,8.543,49.83,degrading,1
2025-08-01 18:22:00+03:00,40.9,68.8,1.382,9.324,52.03,degrading,1
2025-08-01 18:23:00+03:00,40.18,65.8,1.16,8.993,50.37,degrading,1
2025-08-01 18:24:00+03:00,40.51,72.6,1.251,9.39,51.21,degrading,1
2025-08-01 18:25:00+03:00,39.83,66.0,1.116,9.121,50.35,degrading,1
2025-08-01 18:26:00+03:00,40.28,64.1,1.243,9.055,50.66,degrading,1
2025-08-01 18:27:00+03:00,39.73,63.6,1.188,8.88,49.31,degrading,1
2025-08-01 18:28:00+03:00,39.82,67.1,1.324,8.979,49.83,degrading,1
2025-08-01 18:29:00+03:00,40.53,72.0,1.205,9.124,50.67,degrading,1
2025-08-01 18:30:00+03:00,39.86,62.1,1.131,8.695,49.8,degrading,1
2025-08-01 18:31:00+03:00,39.93,61.7,1.192,8.684,49.95,degrading,1
2025-08-01 18:32:00+03:00,40.08,69.8,1.143,9.28,50.02,degrading,1
2025-08-01 18:33:00+03:00,39.93,66.3,1.27,9.004,49.92,degrading,1
2025-08-01 18:34:00+03:00,39.78,63.2,1.121,8.975,49.14,degrading,1
2025-08-01 18:35:00+03:00,39.8,66.1,1.236,8.956,49.6,degrading,1
2025-08-01 18:36:00+03:00,40.36,61.9,1.12,8.789,50.37,degrading,1
2025-08-01 18:37:00+03:00,39.58,64.2,1.216,9.115,49.28,degrading,1
2025-08-01 18:38:00+03:00,39.61,64.9,1.318,9.033,49.55,degrading,1
2025-08-01 18:39:00+03:00,39.82,66.9,1.261,9.095,49.42,degrading,1
2025-08-01 18:40:00+03:00,39.79,62.9,1.189,8.775,49.76,degrading,1
2025-08-01 18:41:00+03:00,39.77,65.1,1.239,8.904,49.85,degrading,1
2025-08-01 18:42:00+03:00,39.55,62.2,1.234,8.7,49.1,degrading,1
2025-08-01 18:43:00+03:00,38.97,62.3,1.258,8.754,48.75,degrading,1
2025-08-01 18:44:00+03:00,39.76,63.1,1.17,8.998,49.76,degrading,1
2025-08-01 18:45:00+03:00,38.88,60.6,1.262,8.704,48.26,degrading,1
2025-08-01 18:46:00+03:00,39.27,61.0,1.1,8.56,48.43,degrading,1
2025-08-01 18:47:00+03:00,38.9,62.8,1.21,9.138,49.53,degrading,1
2025-08-01 18:48:00+03:00,39.06,63.9,1.222,8.989,48.82,degrading,1
2025-08-01 18:49:00+03:00,39.13,62.0,1.274,8.618,48.94,degrading,1
2025-08-01 18:50:00+03:00,39.08,62.3,1.246,8.782,49.36,degrading,1
2025-08-01 18:51:00+03:00,39.06,59.3,1.167,8.687,50.08,degrading,1
2025-08-01 18:52:00+03:00,39.37,62.7,1.2,9.132,48.8,degrading,1
2025-08-01 18:53:00+03:00,38.98,61.7,1.257,8.652,49.0,degrading,1
2025-08-01 18:54:00+03:00,38.72,66.1,1.258,9.231,48.67,degrading,1
2025-08-01 18:55:00+03:00,39.03,59.8,1.215,8.918,48.49,degrading,1
2025-08-01 18:56:00+03:00,39.05,65.0,1.237,8.928,48.91,degrading,1
2025-08-01 18:57:00+03:00,38.28,61.1,1.286,8.748,47.63,degrading,1
2025-08-01 18:58:00+03:00,38.78,61.6,1.228,8.666,48.61,degrading,1
2025-08-01 18:59:00+03:00,38.76,64.5,1.26,8.967,48.28,degrading,1
2025-08-01 19:00:00+03:00,38.41,60.4,1.362,8.748,48.54,degrading,1
2025-08-01 19:01:00+03:00,38.86,62.2,1.189,8.962,48.8,degrading,1
2025-08-01 19:02:00+03:00,38.36,59.4,1.161,8.861,48.19,degrading,1
2025-08-01 19:03:00+03:00,38.39,62.0,1.302,8.743,48.11,degrading,1
2025-08-01 19:04:00+03:00,38.25,61.2,1.228,8.514,47.94,degrading,1
2025-08-01 19:05:00+03:00,38.26,57.8,1.237,8.604,47.91,degrading,1
2025-08-01 19:06:00+03:00,37.87,54.9,1.206,8.479,46.68,degrading,1
2025-08-01 19:07:00+03:00,37.72,56.6,1.239,8.576,47.01,degrading,1
2025-08-01 19:08:00+03:00,38.58,58.7,1.34,8.618,47.86,degrading,1
2025-08-01 19:09:00+03:00,37.8,57.2,1.297,8.597,46.94,degrading,1
2025-08-01 19:10:00+03:00,37.71,59.4,1.308,8.94,46.56,degrading,1
2025-08-01 19:11:00+03:00,37.31,54.5,1.181,8.478,47.11,degrading,1
2025-08-01 19:12:00+03:00,37.71,56.9,1.202,8.51,46.92,degrading,1
2025-08-01 19:13:00+03:00,37.45,56.1,1.117,8.445,47.33,degrading,1
2025-08-01 19:14:00+03:00,38.29,60.9,1.234,8.785,48.57,degrading,1
2025-08-01 19:15:00+03:00,38.05,53.8,1.303,8.632,46.75,degrading,1
2025-08-01 19:16:00+03:00,37.49,54.9,1.286,8.427,46.37,degrading,1
2025-08-01 19:17:00+03:00,38.32,59.7,1.265,8.741,49.1,degrading,1
2025-08-01 19:18:00+03:00,37.89,60.1,1.277,8.698,48.38,degrading,1
2025-08-01 19:19:00+03:00,37.45,55.0,1.23,8.631,46.77,degrading,1
2025-08-01 19:20:00+03:00,36.74,49.5,1.26,8.432,45.69,degrading,1
2025-08-01 19:21:00+03:00,38.13,59.8,1.32,8.825,47.65,degrading,1
2025-08-01 19:22:00+03:00,36.97,52.8,1.181,8.352,46.29,degrading,1
2025-08-01 19:23:00+03:00,36.85,51.3,1.274,8.257,45.58,degrading,1
2025-08-01 19:24:00+03:00,37.59,55.3,1.319,8.136,46.16,degrading,1
2025-08-01 19:25:00+03:00,37.97,57.6,1.26,8.745,47.04,degrading,1
2025-08-01 19:26:00+03:00,37.6,55.3,1.31,8.517,47.0,degrading,1
2025-08-01 19:27:00+03:00,37.3,51.0,1.405,8.305,45.86,degrading,1
2025-08-01 19:28:00+03:00,37.26,57.0,1.278,8.496,46.79,degrading,1
2025-08-01 19:29:00+03:00,37.28,57.9,1.307,8.601,46.49,degrading,1
2025-08-01 19:30:00+03:00,37.2,56.3,1.247,8.503,46.38,degrading,1
2025-08-01 19:31:00+03:00,37.01,52.0,1.282,8.462,46.47,degrading,1
2025-08-01 19:32:00+03:00,36.9,53.4,1.301,8.338,46.24,degrading,1
2025-08-01 19:33:00+03:00,36.8,53.4,1.289,8.709,46.04,degrading,1
2025-08-01 19:34:00+03:00,36.54,53.7,1.231,8.481,46.17,degrading,1
2025-08-01 19:35:00+03:00,36.63,54.1,1.295,8.251,46.14,degrading,1
2025-08-01 19:36:00+03:00,36.15,49.5,1.345,8.149,45.64,degrading,1
2025-08-01 19:37:00+03:00,36.58,52.8,1.306,8.27,45.61,degrading,1
2025-08-01 19:38:00+03:00,36.26,52.3,1.332,8.011,45.26,degrading,1
2025-08-01 19:39:00+03:00,36.17,54.0,1.278,8.684,44.98,degrading,1
2025-08-01 19:40:00+03:00,36.5,53.7,1.328,8.533,45.63,degrading,1
2025-08-01 19:41:00+03:00,36.81,55.1,1.31,8.594,46.63,degrading,1
2025-08-01 19:42:00+03:00,36.61,52.9,1.243,8.409,46.37,degrading,1
2025-08-01 19:43:00+03:00,35.81,52.5,1.307,8.154,45.4,degrading,1
2025-08-01 19:44:00+03:00,35.94,51.0,1.239,8.201,44.3,degrading,1
2025-08-01 19:45:00+03:00,36.46,50.4,1.256,8.366,45.92,degrading,1
2025-08-01 19:46:00+03:00,35.83,52.5,1.305,8.21,44.31,degrading,1
2025-08-01 19:47:00+03:00,36.0,51.8,1.31,7.947,45.52,degrading,1
2025-08-01 19:48:00+03:00,36.18,50.2,1.232,8.199,45.05,degrading,1
2025-08-01 19:49:00+03:00,35.67,48.2,1.34,8.094,44.8,degrading,1
2025-08-01 19:50:00+03:00,35.94,50.7,1.324,8.287,44.48,degrading,1
2025-08-01 19:51:00+03:00,35.45,49.2,1.258,8.288,44.86,degrading,1
2025-08-01 19:52:00+03:00,35.62,49.3,1.218,8.282,43.99,degrading,1
2025-08-01 19:53:00+03:00,35.84,50.4,1.292,8.293,44.63,degrading,1
2025-08-01 19:54:00+03:00,35.21,50.7,1.279,8.454,43.9,degrading,1
2025-08-01 19:55:00+03:00,35.77,51.6,1.311,8.103,44.24,degrading,1
2025-08-01 19:56:00+03:00,35.58,49.2,1.282,8.264,44.58,degrading,1
2025-08-01 19:57:00+03:00,35.69,51.1,1.207,8.398,45.55,degrading,1
2025-08-01 19:58:00+03:00,35.54,46.6,1.276,7.85,45.34,degrading,1
2025-08-01 19:59:00+03:00,35.83,50.5,1.293,8.047,44.96,degrading,1
2025-08-01 20:00:00+03:00,35.4,51.7,1.345,8.234,45.05,degrading,1
2025-08-01 20:01:00+03:00,35.18,46.8,1.265,7.955,44.04,degrading,1
2025-08-01 20:02:00+03:00,35.29,46.0,1.383,8.121,44.19,degrading,1
2025-08-01 20:03:00+03:00,35.36,46.6,1.207,7.954,43.98,degrading,1
2025-08-01 20:04:00+03:00,35.16,45.0,1.364,7.823,43.85,degrading,1
2025-08-01 20:05:00+03:00,35.1,45.4,1.29,7.886,43.97,degrading,1
2025-08-01 20:06:00+03:00,34.82,45.1,1.345,8.129,43.22,degrading,1
2025-08-01 20:07:00+03:00,34.78,42.9,1.301,7.833,43.19,degrading,1
2025-08-01 20:08:00+03:00,34.5,44.6,1.36,7.908,43.07,degrading,1
2025-08-01 20:09:00+03:00,35.39,49.8,1.301,8.233,44.79,degrading,1
2025-08-01 20:10:00+03:00,34.44,42.6,1.245,8.013,42.44,degrading,1
2025-08-01 20:11:00+03:00,34.55,47.8,1.388,8.021,43.43,degrading,1
2025-08-01 20:12:00+03:00,34.49,45.6,1.306,8.2,43.96,degrading,1
2025-08-01 20:13:00+03:00,34.92,48.3,1.333,8.198,44.33,degrading,1
2025-08-01 20:14:00+03:00,34.5,43.3,1.37,7.845,43.54,degrading,1
2025-08-01 20:15:00+03:00,34.91,47.9,1.272,8.522,43.84,degrading,1
2025-08-01 20:16:00+03:00,34.28,41.6,1.335,7.612,42.77,degrading,1
2025-08-01 20:17:00+03:00,34.51,46.4,1.292,8.007,43.7,degrading,1
2025-08-01 20:18:00+03:00,34.12,43.5,1.308,7.704,43.28,degrading,1
2025-08-01 20:19:00+03:00,34.96,47.5,1.331,8.273,43.08,degrading,1
2025-08-01 20:20:00+03:00,33.9,40.0,1.232,7.936,41.6,degrading,1
2025-08-01 20:21:00+03:00,34.29,42.0,1.275,8.055,43.23,degrading,1
2025-08-01 20:22:00+03:00,34.34,45.2,1.393,8.182,42.93,degrading,1
2025-08-01 20:23:00+03:00,34.21,41.6,1.36,7.754,42.33,degrading,1
2025-08-01 20:24:00+03:00,33.98,43.5,1.32,7.845,42.04,degrading,1
2025-08-01 20:25:00+03:00,33.94,39.7,1.325,7.423,41.94,degrading,1
2025-08-01 20:26:00+03:00,33.93,44.1,1.313,8.245,41.99,degrading,1
2025-08-01 20:27:00+03:00,33.82,39.5,1.383,7.736,42.87,degrading,1
2025-08-01 20:28:00+03:00,34.1,44.2,1.321,7.876,42.73,degrading,1
2025-08-01 20:29:00+03:00,34.42,45.6,1.348,8.235,43.17,degrading,1
2025-08-01 20:30:00+03:00,33.53,39.5,1.377,7.525,41.99,degrading,1
2025-08-01 20:31:00+03:00,33.23,40.9,1.286,7.818,41.97,degrading,1
2025-08-01 20:32:00+03:00,33.56,41.5,1.406,7.769,42.35,degrading,1
2025-08-01 20:33:00+03:00,34.3,42.8,1.257,7.971,43.26,degrading,1
2025-08-01 20:34:00+03:00,33.23,37.7,1.401,7.561,41.06,degrading,1
2025-08-01 20:35:00+03:00,33.91,38.4,1.305,7.397,41.94,degrading,1
2025-08-01 20:36:00+03:00,33.86,42.9,1.326,7.898,42.72,degrading,1
2025-08-01 20:37:00+03:00,33.14,36.3,1.225,7.65,40.89,degrading,1
2025-08-01 20:38:00+03:00,33.42,40.7,1.312,7.754,41.78,degrading,1
2025-08-01 20:39:00+03:00,33.68,40.9,1.285,7.889,42.23,degrading,1
2025-08-01 20:40:00+03:00,33.02,40.3,1.306,7.582,41.67,degrading,1
2025-08-01 20:41:00+03:00,33.02,38.3,1.325,7.616,40.47,degrading,1
2025-08-01 20:42:00+03:00,32.85,37.6,1.379,7.486,41.24,degrading,1
2025-08-01 20:43:00+03:00,32.66,39.0,1.347,7.778,40.8,degrading,1
2025-08-01 20:44:00+03:00,32.71,38.4,1.352,7.637,41.17,degrading,1
2025-08-01 20:45:00+03:00,32.48,37.5,1.28,7.683,40.89,degrading,1
2025-08-01 20:46:00+03:00,32.8,39.0,1.297,7.835,41.69,degrading,1
2025-08-01 20:47:00+03:00,32.51,33.9,1.417,7.471,40.84,degrading,1
2025-08-01 20:48:00+03:00,32.75,39.4,1.308,7.741,41.58,degrading,1
2025-08-01 20:49:00+03:00,32.16,36.8,1.421,7.396,40.79,degrading,1
2025-08-01 20:50:00+03:00,32.67,35.5,1.324,7.469,40.73,degrading,1
2025-08-01 20:51:00+03:00,32.76,37.4,1.343,7.505,40.89,degrading,1
2025-08-01 20:52:00+03:00,31.86,34.9,1.391,7.386,40.11,degrading,1
2025-08-01 20:53:00+03:00,32.51,36.7,1.408,7.491,40.87,degrading,1
2025-08-01 20:54:00+03:00,32.71,38.4,1.345,7.504,40.81,degrading,1
2025-08-01 20:55:00+03:00,31.92,37.9,1.331,7.329,40.26,degrading,1
2025-08-01 20:56:00+03:00,32.73,40.0,1.355,7.651,41.09,degrading,1
2025-08-01 20:57:00+03:00,32.3,33.5,1.357,7.392,39.75,degrading,1
2025-08-01 20:58:00+03:00,31.9,36.2,1.394,7.324,40.45,degrading,1
2025-08-01 20:59:00+03:00,32.04,37.8,1.356,7.627,40.25,degrading,1
2025-08-01 21:00:00+03:00,32.17,36.4,1.384,7.828,41.05,degrading,1
2025-08-01 21:01:00+03:00,32.02,37.3,1.439,7.752,39.52,degrading,1
2025-08-01 21:02:00+03:00,32.16,39.6,1.385,7.985,40.3,degrading,1
2025-08-01 21:03:00+03:00,31.72,37.0,1.375,7.643,39.86,degrading,1
2025-08-01 21:04:00+03:00,32.05,35.7,1.281,7.683,40.52,degrading,1
2025-08-01 21:05:00+03:00,31.58,37.1,1.231,7.485,39.89,degrading,1
2025-08-01 21:06:00+03:00,31.97,35.3,1.378,7.391,40.08,degrading,1
2025-08-01 21:07:00+03:00,31.73,35.0,1.354,7.061,39.25,degrading,1
2025-08-01 21:08:00+03:00,31.78,34.3,1.332,7.61,39.22,degrading,1
2025-08-01 21:09:00+03:00,32.37,39.5,1.387,7.977,40.88,degrading,1
2025-08-01 21:10:00+03:00,32.33,34.6,1.359,7.371,39.73,degrading,1
2025-08-01 21:11:00+03:00,32.18,38.8,1.432,7.669,40.29,degrading,1
2025-08-01 21:12:00+03:00,31.67,36.0,1.373,7.428,39.95,degrading,1
2025-08-01 21:13:00+03:00,31.91,32.2,1.322,7.373,39.26,degrading,1
2025-08-01 21:14:00+03:00,32.36,37.1,1.425,7.78,41.19,degrading,1
2025-08-01 21:15:00+03:00,32.04,31.0,1.347,6.986,40.17,degrading,1
2025-08-01 21:16:00+03:00,32.7,38.9,1.41,7.784,40.42,degrading,1
2025-08-01 21:17:00+03:00,32.12,37.2,1.356,7.581,39.95,degrading,1
2025-08-01 21:18:00+03:00,32.06,34.0,1.339,7.45,39.07,degrading,1
2025-08-01 21:19:00+03:00,31.91,35.2,1.381,7.576,39.63,degrading,1
2025-08-01 21:20:00+03:00,32.04,39.1,1.39,7.714,40.73,degrading,1
2025-08-01 21:21:00+03:00,31.95,34.0,1.4,7.423,39.72,degrading,1
2025-08-01 21:22:00+03:00,32.21,33.7,1.363,7.39,40.3,degrading,1
2025-08-01 21:23:00+03:00,32.29,39.1,1.302,7.894,40.08,degrading,1
2025-08-01 21:24:00+03:00,31.76,38.9,1.373,7.801,40.46,degrading,1
2025-08-01 21:25:00+03:00,31.6,35.0,1.424,7.539,39.42,degrading,1
2025-08-01 21:26:00+03:00,31.45,37.0,1.377,7.437,39.68,degrading,1
2025-08-01 21:27:00+03:00,32.15,38.3,1.385,7.651,40.46,degrading,1
2025-08-01 21:28:00+03:00,31.67,33.5,1.434,7.557,39.08,degrading,1
2025-08-01 21:29:00+03:00,31.35,34.0,1.352,7.459,38.85,degrading,1
2025-08-01 21:30:00+03:00,32.12,37.9,1.323,7.789,40.83,degrading,1
2025-08-01 21:31:00+03:00,32.75,41.3,1.404,8.161,41.54,degrading,1
2025-08-01 21:32:00+03:00,32.0,36.1,1.374,7.741,40.58,degrading,1
2025-08-01 21:33:00+03:00,32.25,34.2,1.345,7.487,40.38,degrading,1
2025-08-01 21:34:00+03:00,32.02,39.1,1.401,7.693,40.52,degrading,1
2025-08-01 21:35:00+03:00,31.97,33.9,1.42,7.076,39.26,degrading,1
2025-08-01 21:36:00+03:00,32.28,35.4,1.401,7.526,40.29,degrading,1
2025-08-01 21:37:00+03:00,31.91,35.7,1.419,7.522,40.05,degrading,1
2025-08-01 21:38:00+03:00,32.08,38.4,1.504,7.794,41.26,degrading,1
2025-08-01 21:39:00+03:00,32.1,37.1,1.394,7.636,40.66,degrading,1
2025-08-01 21:40:00+03:00,31.8,35.8,1.422,7.535,40.58,degrading,1
2025-08-01 21:41:00+03:00,32.3,37.1,1.388,7.396,40.83,degrading,1
2025-08-01 21:42:00+03:00,31.95,35.1,1.367,7.404,39.78,degrading,1
2025-08-01 21:43:00+03:00,31.77,36.1,1.384,7.678,40.03,degrading,1
2025-08-01 21:44:00+03:00,32.16,30.6,1.375,7.536,39.97,degrading,1
2025-08-01 21:45:00+03:00,31.73,34.4,1.429,7.494,39.42,degrading,1
2025-08-01 21:46:00+03:00,32.01,35.5,1.534,7.625,40.02,degrading,1
2025-08-01 21:47:00+03:00,32.0,32.7,1.373,7.553,39.84,degrading,1
2025-08-01 21:48:00+03:00,32.33,37.0,1.403,7.548,41.28,degrading,1
2025-08-01 21:49:00+03:00,32.14,35.1,1.416,7.613,39.45,degrading,1
2025-08-01 21:50:00+03:00,31.99,38.5,1.451,7.653,40.92,degrading,1
2025-08-01 21:51:00+03:00,32.25,39.1,1.447,7.932,40.39,degrading,1
2025-08-01 21:52:00+03:00,32.42,35.7,1.49,7.622,40.08,degrading,1
2025-08-01 21:53:00+03:00,32.17,35.4,1.305,7.628,40.83,degrading,1
2025-08-01 21:54:00+03:00,32.0,34.9,1.306,7.438,40.44,degrading,1
2025-08-01 21:55:00+03:00,31.61,34.1,1.4,7.615,40.19,degrading,1
2025-08-01 21:56:00+03:00,31.68,35.4,1.485,7.902,40.2,degrading,1
2025-08-01 21:57:00+03:00,31.91,33.5,1.348,7.326,40.76,degrading,1
2025-08-01 21:58:00+03:00,31.82,32.7,1.275,7.38,40.01,degrading,1
2025-08-01 21:59:00+03:00,31.94,36.2,1.465,7.678,40.16,degrading,1
2025-08-01 22:00:00+03:00,32.02,36.3,1.451,7.769,40.45,degrading,1
2025-08-01 22:01:00+03:00,32.16,34.0,1.379,7.431,40.75,degrading,1
2025-08-01 22:02:00+03:00,31.98,36.8,1.394,7.26,40.02,degrading,1
2025-08-01 22:03:00+03:00,32.15,34.3,1.388,7.741,40.02,degrading,1
2025-08-01 22:04:00+03:00,32.02,35.6,1.448,7.731,40.14,degrading,1
2025-08-01 22:05:00+03:00,31.41,36.6,1.415,7.417,38.91,degrading,1
2025-08-01 22:06:00+03:00,31.72,34.9,1.468,7.487,39.97,degrading,1
2025-08-01 22:07:00+03:00,31.96,35.9,1.305,7.876,39.49,degrading,1
2025-08-01 22:08:00+03:00,31.64,34.0,1.4,7.745,39.78,degrading,1
2025-08-01 22:09:00+03:00,32.18,35.3,1.392,7.749,40.77,degrading,1
2025-08-01 22:10:00+03:00,32.46,36.4,1.44,7.65,40.61,degrading,1
2025-08-01 22:11:00+03:00,32.37,34.9,1.423,7.6,41.25,degrading,1
2025-08-01 22:12:00+03:00,31.94,34.6,1.491,7.552,39.54,degrading,1
2025-08-01 22:13:00+03:00,32.45,33.6,1.356,7.683,41.03,degrading,1
2025-08-01 22:14:00+03:00,32.04,34.2,1.455,7.42,40.47,degrading,1
2025-08-01 22:15:00+03:00,31.9,34.4,1.482,7.445,39.4,degrading,1
2025-08-01 22:16:00+03:00,31.82,34.5,1.549,7.725,41.1,degrading,1
2025-08-01 22:17:00+03:00,31.91,34.5,1.433,7.569,40.08,degrading,1
2025-08-01 22:18:00+03:00,31.88,34.9,1.476,7.808,39.77,degrading,1
2025-08-01 22:19:00+03:00,32.05,36.2,1.375,7.58,39.85,degrading,1
2025-08-01 22:20:00+03:00,32.05,36.9,1.349,7.717,40.39,degrading,1
2025-08-01 22:21:00+03:00,32.0,33.7,1.503,7.397,40.09,degrading,1
2025-08-01 22:22:00+03:00,32.13,33.1,1.46,7.502,40.26,degrading,1
2025-08-01 22:23:00+03:00,32.36,34.3,1.524,7.353,40.45,degrading,1
2025-08-01 22:24:00+03:00,32.28,35.1,1.401,7.552,40.81,degrading,1
2025-08-01 22:25:00+03:00,31.55,34.3,1.494,7.363,39.61,degrading,1
2025-08-01 22:26:00+03:00,31.23,33.5,1.561,7.637,38.6,degrading,1
2025-08-01 22:27:00+03:00,32.28,33.5,1.49,7.642,40.37,degrading,1
2025-08-01 22:28:00+03:00,31.59,34.1,1.486,7.313,38.85,degrading,1
2025-08-01 22:29:00+03:00,31.93,35.4,1.478,7.852,40.4,degrading,1
2025-08-01 22:30:00+03:00,31.65,36.2,1.403,8.077,39.66,degrading,1
2025-08-01 22:31:00+03:00,31.46,33.9,1.544,7.573,39.73,degrading,1
2025-08-01 22:32:00+03:00,32.16,34.8,1.449,7.526,40.97,degrading,1
2025-08-01 22:33:00+03:00,32.23,34.0,1.504,8.0,40.07,degrading,1
2025-08-01 22:34:00+03:00,31.83,34.9,1.405,7.434,40.56,degrading,1
2025-08-01 22:35:00+03:00,31.22,33.3,1.421,7.541,39.21,degrading,1
2025-08-01 22:36:00+03:00,31.84,36.1,1.561,7.735,40.96,degrading,1
2025-08-01 22:37:00+03:00,32.12,31.9,1.461,7.659,40.02,degrading,1
2025-08-01 22:38:00+03:00,31.56,34.3,1.56,7.657,39.49,degrading,1
2025-08-01 22:39:00+03:00,32.06,35.8,1.489,7.621,40.74,degrading,1
2025-08-01 22:40:00+03:00,32.0,35.4,1.401,7.531,40.2,degrading,1
2025-08-01 22:41:00+03:00,32.17,41.0,1.556,7.96,40.71,degrading,1
2025-08-01 22:42:00+03:00,32.04,35.9,1.468,7.556,40.27,degrading,1
2025-08-01 22:43:00+03:00,31.71,33.0,1.525,7.542,39.86,degrading,1
2025-08-01 22:44:00+03:00,32.36,36.2,1.503,7.644,41.36,degrading,1
2025-08-01 22:45:00+03:00,31.95,31.4,1.411,7.219,39.21,degrading,1
2025-08-01 22:46:00+03:00,31.99,34.8,1.508,7.837,40.34,degrading,1
2025-08-01 22:47:00+03:00,31.72,33.3,1.607,7.486,40.18,degrading,1
2025-08-01 22:48:00+03:00,31.87,36.8,1.533,7.582,40.48,degrading,1
2025-08-01 22:49:00+03:00,31.73,33.9,1.499,7.575,40.53,degrading,1
2025-08-01 22:50:00+03:00,31.95,34.8,1.559,7.667,40.28,degrading,1
2025-08-01 22:51:00+03:00,32.51,35.7,1.52,7.45,40.88,degrading,1
2025-08-01 22:52:00+03:00,31.59,38.5,1.53,7.932,40.53,degrading,1
2025-08-01 22:53:00+03:00,31.52,34.4,1.454,7.481,39.89,degrading,1
2025-08-01 22:54:00+03:00,32.44,40.4,1.54,8.257,41.16,degrading,1
2025-08-01 22:55:00+03:00,31.94,36.6,1.57,7.852,40.69,degrading,1
2025-08-01 22:56:00+03:00,31.8,36.0,1.476,7.68,40.03,degrading,1
2025-08-01 22:57:00+03:00,32.31,36.9,1.593,7.684,40.64,degrading,1
2025-08-01 22:58:00+03:00,31.82,35.8,1.516,7.716,40.09,degrading,1
2025-08-01 22:59:00+03:00,32.55,33.3,1.47,7.675,41.35,degrading,1
2025-08-01 23:00:00+03:00,32.2,35.2,1.571,7.696,39.35,degrading,1
2025-08-01 23:01:00+03:00,31.85,36.7,1.513,7.759,40.58,degrading,1
2025-08-01 23:02:00+03:00,32.65,37.4,1.569,7.844,41.3,degrading,1
2025-08-01 23:03:00+03:00,31.82,32.2,1.502,7.435,39.32,degrading,1
2025-08-01 23:04:00+03:00,32.22,35.7,1.525,7.686,40.84,degrading,1
2025-08-01 23:05:00+03:00,32.09,38.8,1.564,7.612,41.06,degrading,1
2025-08-01 23:06:00+03:00,32.39,39.0,1.556,8.085,41.43,degrading,1
2025-08-01 23:07:00+03:00,32.47,36.7,1.436,7.848,40.01,degrading,1
2025-08-01 23:08:00+03:00,32.01,36.9,1.482,7.701,41.17,degrading,1
2025-08-01 23:09:00+03:00,31.77,34.3,1.578,7.947,39.86,degrading,1
2025-08-01 23:10:00+03:00,32.14,32.1,1.52,7.546,40.61,degrading,1
2025-08-01 23:11:00+03:00,31.8,33.2,1.505,7.445,40.39,degrading,1
2025-08-01 23:12:00+03:00,32.6,40.4,1.486,8.163,41.2,degrading,1
2025-08-01 23:13:00+03:00,32.04,34.6,1.484,7.748,40.74,degrading,1
2025-08-01 23:14:00+03:00,31.89,34.5,1.438,7.743,40.16,degrading,1
2025-08-01 23:15:00+03:00,32.06,34.6,1.536,7.628,39.67,degrading,1
2025-08-01 23:16:00+03:00,31.6,38.8,1.525,8.014,40.89,degrading,1
2025-08-01 23:17:00+03:00,31.71,38.3,1.506,7.879,40.18,degrading,1
2025-08-01 23:18:00+03:00,32.36,40.8,1.56,8.153,41.03,degrading,1
2025-08-01 23:19:00+03:00,31.8,34.7,1.565,7.42,40.1,degrading,1
2025-08-01 23:20:00+03:00,31.69,35.6,1.656,7.697,40.35,degrading,1
2025-08-01 23:21:00+03:00,32.16,32.6,1.468,7.842,40.42,degrading,1
2025-08-01 23:22:00+03:00,32.36,39.3,1.623,7.872,41.47,degrading,1
2025-08-01 23:23:00+03:00,32.22,33.5,1.598,7.551,40.06,degrading,1
2025-08-01 23:24:00+03:00,32.3,36.6,1.521,7.762,40.66,degrading,1
2025-08-01 23:25:00+03:00,31.77,32.8,1.56,7.421,40.04,degrading,1
2025-08-01 23:26:00+03:00,31.57,33.8,1.531,7.334,40.74,degrading,1
2025-08-01 23:27:00+03:00,32.45,35.1,1.569,7.71,40.94,degrading,1
2025-08-01 23:28:00+03:00,31.9,33.8,1.633,7.689,40.75,degrading,1
2025-08-01 23:29:00+03:00,31.92,33.9,1.589,7.669,40.37,degrading,1
2025-08-01 23:30:00+03:00,32.4,35.4,1.59,7.747,40.78,degrading,1
2025-08-01 23:31:00+03:00,32.17,37.3,1.55,7.891,40.82,degrading,1
2025-08-01 23:32:00+03:00,32.14,33.3,1.487,7.8,40.46,degrading,1
2025-08-01 23:33:00+03:00,32.65,37.9,1.566,7.896,41.7,degrading,1
2025-08-01 23:34:00+03:00,31.81,37.4,1.637,7.81,41.13,degrading,1
2025-08-01 23:35:00+03:00,32.28,35.1,1.495,7.718,40.99,degrading,1
2025-08-01 23:36:00+03:00,32.02,33.6,1.515,7.759,40.93,degrading,1
2025-08-01 23:37:00+03:00,32.08,34.8,1.579,7.958,40.24,degrading,1
2025-08-01 23:38:00+03:00,32.46,39.1,1.538,7.912,41.23,degrading,1
2025-08-01 23:39:00+03:00,32.15,36.0,1.54,7.837,40.52,degrading,1
2025-08-01 23:40:00+03:00,32.16,34.6,1.555,7.791,40.82,degrading,1
2025-08-01 23:41:00+03:00,32.32,37.2,1.518,7.749,40.95,degrading,1
2025-08-01 23:42:00+03:00,31.89,32.8,1.525,7.639,40.57,degrading,1
2025-08-01 23:43:00+03:00,31.75,36.4,1.621,7.634,40.09,degrading,1
2025-08-01 23:44:00+03:00,31.69,35.8,1.521,7.554,40.37,degrading,1
2025-08-01 23:45:00+03:00,31.41,34.4,1.503,7.792,40.23,degrading,1
2025-08-01 23:46:00+03:00,32.62,35.7,1.557,7.76,40.46,degrading,1
2025-08-01 23:47:00+03:00,31.67,33.2,1.619,7.699,40.96,degrading,1
2025-08-01 23:48:00+03:00,31.93,36.1,1.583,7.842,40.52,degrading,1
2025-08-01 23:49:00+03:00,31.92,37.5,1.575,7.784,39.95,degrading,1
2025-08-01 23:50:00+03:00,32.09,34.1,1.592,7.722,40.69,degrading,1
2025-08-01 23:51:00+03:00,32.24,36.8,1.512,7.708,41.03,degrading,1
2025-08-01 23:52:00+03:00,32.26,31.8,1.61,7.803,40.56,degrading,1
2025-08-01 23:53:00+03:00,31.83,33.8,1.612,7.513,40.74,degrading,1
2025-08-01 23:54:00+03:00,31.95,34.9,1.577,7.755,40.87,degrading,1
2025-08-01 23:55:00+03:00,32.08,33.5,1.645,7.546,40.7,degrading,1
2025-08-01 23:56:00+03:00,31.93,33.1,1.539,7.766,40.58,degrading,1
2025-08-01 23:57:00+03:00,32.48,35.5,1.66,7.776,41.13,degrading,1
2025-08-01 23:58:00+03:00,32.15,36.2,1.615,7.792,41.61,degrading,1
2025-08-01 23:59:00+03:00,32.22,35.5,1.59,7.958,40.32,degrading,1
